,In-Sample Actuals,In-Sample Predictions,In-Sample AE,In-Sample APE,In-Sample SE,Out-of-Sample Actuals,Out-of-Sample Predictions,Out-of-Sample AE,Out-of-Sample APE,Out-of-Sample SE
0,0.0,0.04699949118824688,0.04699949118824688,,0.002208952171954096,7.0,4.993696502445029,2.0063034975549714,0.2866147853649959,4.025253724301311
1,0.0,0.23325349708233176,0.23325349708233176,,0.05440719390113735,10.000000953674316,5.79889580569201,4.2011051479823065,0.42011047473337365,17.649284464403436
2,0.0,0.02341775839998701,0.02341775839998701,,0.0005483914084801621,5.0,5.898169715547587,0.8981697155475867,0.17963394310951736,0.8067088379268329
3,0.0,0.007180439763754045,0.007180439763754045,,5.155871520090024e-05,4.0,4.071956898395626,0.07195689839562558,0.017989224598906395,0.0051777952267183834
4,0.0,0.20286453516716516,0.20286453516716516,,0.041154019628589986,2.0,3.9622104601913684,1.9622104601913684,0.9811052300956842,3.8502698900844217
5,4.0,2.9451315375165668,1.0548684624834332,0.2637171156208583,1.1127474731421625,3.0,4.644688121965756,1.644688121965756,0.5482293739885854,2.7049990185352457
6,8.0,3.6881406098969514,4.311859390103049,0.5389824237628811,18.592131400019834,7.0,4.349036448773358,2.650963551226642,0.37870907874666315,7.027607749932169
7,2.0,2.6716951057969993,0.6716951057969993,0.33584755289849966,0.4511743151516421,7.0,4.168523916991621,2.831476083008379,0.4044965832869113,8.017256808648474
8,14.000000953674316,7.848389503022329,6.151611450651988,0.4394007879719101,37.84232343979265,8.0,3.6936220915176836,4.306377908482316,0.5382972385602895,18.54489069066453
9,0.0,1.0304674558239784,1.0304674558239784,,1.0618631775123428,10.000000953674316,4.471500668914393,5.528500284759923,0.55284997575211,30.564315398590555
10,4.0,4.267654037772446,0.2676540377724459,0.06691350944311147,0.0716386839358939,9.0,4.659105938629774,4.340894061370226,0.48232156237446955,18.843361252039294
11,3.0,2.917746340304096,0.08225365969590381,0.02741788656530127,0.006765664533369551,8.0,4.35009852817485,3.6499014718251503,0.4562376839781438,13.3217807540314
12,4.0,3.9934344119710703,0.006565588028929703,0.0016413970072324258,4.3106946165625026e-05,4.0,4.070802299621978,0.07080229962197837,0.017700574905494593,0.005012965631760399
13,5.0,5.675807768807823,0.6758077688078226,0.13516155376156452,0.45671614038100733,0.0,4.683525871303947,4.683525871303947,,21.935414587173394
14,5.999999523162842,4.457857145858059,1.542142377304783,0.2570237499772096,2.378203111879248,0.0,4.748946477702406,4.748946477702406,,22.552492648082087
15,15.0,6.704239258820567,8.295760741179432,0.5530507160786288,68.81964627489393,0.0,4.471678336215093,4.471678336215093,,19.99590714257538
16,2.0,2.5374625302833325,0.5374625302833325,0.26873126514166623,0.2888659714585621,0.0,4.1856922932495895,4.1856922932495895,,17.520019973769006
17,8.0,6.752685500070123,1.2473144999298773,0.15591431249123466,1.55579346173532,0.0,3.8735376681840163,3.8735376681840163,,15.004294066840467
18,5.999999523162842,4.798814301317298,1.2011852218455434,0.20019755288452928,1.4428459371801274,0.0,4.638786583958696,4.638786583958696,,21.51834097151519
19,9.0,6.946473920006737,2.0535260799932633,0.22816956444369593,4.216969361212499,0.0,4.640721737894672,4.640721737894672,,21.53629824856814
20,2.0,2.7463522449510758,0.7463522449510758,0.3731761224755379,0.5570416735435106,0.0,4.462458208929695,4.462458208929695,,19.91353326644402
21,8.0,6.910427819831531,1.089572180168469,0.13619652252105863,1.1871675357970708,11.0,4.880391149445532,6.119608850554468,0.5563280773231335,37.44961248378458
22,5.0,5.060890534602152,0.060890534602152435,0.012178106920430486,0.003707657204135923,5.999999523162842,4.579760483588837,1.420239039574005,0.236706525407412,2.017078929530092
23,8.0,6.500743766306352,1.4992562336936484,0.18740702921170604,2.2477692542692633,4.0,5.49528714316656,1.4952871431665598,0.37382178579163994,2.2358836405192117
24,5.999999523162842,4.995324074068943,1.0046754490938987,0.16744592148972268,1.009372758012027,8.0,5.457807552741159,2.5421924472588406,0.3177740559073551,6.462742438899893
25,5.999999523162842,5.020091887258674,0.9799076359041674,0.16331795229670595,0.9602189749032943,1.0,4.288210306451033,3.288210306451033,3.288210306451033,10.812327019450795
26,1.0,1.9898001991412246,0.9898001991412246,0.9898001991412246,0.979704434220008,5.0,4.24598144663659,0.7540185533634096,0.15080371067268192,0.568543978816249
27,2.0,2.3945164276531345,0.39451642765313455,0.19725821382656727,0.15564321168819095,7.0,4.60501787394961,2.3949821260503903,0.34214030372148435,5.735939384100847
28,5.999999523162842,4.929416482726117,1.0705830404367251,0.17843052091983794,1.1461480464707428,4.0,4.606941438929147,0.6069414389291472,0.1517353597322868,0.3683779102893837
29,5.0,4.7621015383641385,0.23789846163586148,0.047579692327172296,0.05659567804870946,5.999999523162842,4.255402649611475,1.7445968735513668,0.2907661686999134,3.0436182512052037
30,3.0,4.462556977332885,1.462556977332885,0.48751899244429503,2.1390729119451053,9.0,4.022132177768361,4.977867822231639,0.5530964246924044,24.779168055609162
31,10.000000953674316,5.7035220991335995,4.296478854540717,0.42964784447966026,18.45973054751551,3.0,4.659382690431335,1.6593826904313351,0.5531275634771117,2.7535509133031364
32,4.0,4.294670400815874,0.2946704008158738,0.07366760020396845,0.08683064511698772,3.0,4.7120607476231005,1.7120607476231005,0.5706869158743668,2.9311520035517695
33,3.0,3.0760645198004175,0.07606451980041751,0.0253548399334725,0.005785811172468107,9.0,4.5517810383507955,4.4482189616492045,0.4942465512943561,19.786651930775527
34,9.0,8.303555918830495,0.6964440811695045,0.0773826756855005,0.4850343581960354,3.0,4.321213637720913,1.3212136377209127,0.4404045459069709,1.745605476499727
35,11.0,6.312895299535774,4.687104700464226,0.42610042731492964,21.96895047311384,0.0,4.694799391292703,4.694799391292703,,22.041141324482332
36,5.0,4.462997185060535,0.5370028149394646,0.10740056298789291,0.28837202325290884,0.0,4.803108098945433,4.803108098945433,,23.069847410155212
37,2.0,3.774551973357754,1.7745519733577542,0.8872759866788771,3.1490347061478996,0.0,4.6089795513072325,4.6089795513072325,,21.242692504368218
38,3.0,3.6159287063474403,0.6159287063474403,0.2053095687824801,0.3793681713028314,0.0,4.478791034698944,4.478791034698944,,20.05956913249964
39,9.0,7.445783836340542,1.5542161636594578,0.17269068485105088,2.4155878833803226,0.0,4.2738318336250884,4.2738318336250884,,18.265638542107187
40,4.0,4.3471381188802924,0.34713811888029245,0.08678452972007311,0.12050487357974805,0.0,4.699184164229187,4.699184164229187,,22.082331809342367
41,5.999999523162842,4.772491410269227,1.2275081128936147,0.20458470174120041,1.5067761672196431,0.0,4.701140045783321,4.701140045783321,,22.100717730067604
42,5.999999523162842,4.0821253596984945,1.9178741634643472,0.31964571931388397,3.6782413068840696,0.0,4.545571502362455,4.545571502362455,,20.66222028308967
43,3.0,4.075536418390223,1.0755364183902234,0.3585121394634078,1.1567785872836698,2.0,3.524786503148019,1.524786503148019,0.7623932515740095,2.324973880182364
44,5.0,4.440358697273196,0.5596413027268037,0.11192826054536073,0.31319838771775393,5.999999523162842,2.1786582341020564,3.8213412890607854,0.636890265458955,14.602649247480745
45,5.999999523162842,5.479203585202511,0.5207959379603304,0.08679932989157937,0.27122840899598033,5.999999523162842,2.4326286085320024,3.5673709146308394,0.5945618663566717,12.726135242554072
46,3.0,3.6790314823924675,0.6790314823924675,0.22634382746415582,0.4610837540801119,0.0,1.4844868229806347,1.4844868229806347,,2.2037011276031384
47,0.0,1.2050097932921422,1.2050097932921422,,1.4520486019299712,1.0,1.54794065809094,0.5479406580909401,0.5479406580909401,0.3002389647891325
48,5.999999523162842,4.9371788493046225,1.0628206738582193,0.1771367930539374,1.1295877847804394,2.0,1.556656736940313,0.44334326305968697,0.22167163152984348,0.1965532489004108
49,10.000000953674316,7.8255374930291595,2.174463460645157,0.21744632532721814,4.728291341680912,2.0,1.5771212319883654,0.4228787680116346,0.2114393840058173,0.17882645243503786
50,7.0,5.2448485829871245,1.7551514170128755,0.25073591671612505,3.0805564966423047,7.0,1.5175204596116272,5.482479540388373,0.7832113629126247,30.057581910777103
51,5.999999523162842,4.156502513873781,1.8434970092890612,0.30724952596617533,3.398481223257713,2.0,1.3425822595959032,0.6574177404040968,0.3287088702020484,0.43219808539802845
52,9.0,5.239047100843113,3.7609528991568872,0.41788365546187634,14.144766709676595,1.0,1.4946784902141226,0.4946784902141226,0.4946784902141226,0.24470680868052377
53,10.000000953674316,5.293340974667537,4.70665997900678,0.4706659530144749,22.1526481579841,2.0,1.6337132340481553,0.36628676595184473,0.18314338297592236,0.13416599491146147
54,0.0,1.4422381652902496,1.4422381652902496,,2.080050925419785,5.999999523162842,1.5732158027674568,4.426783720395385,0.737797345367429,19.596414107157603
55,5.0,4.166217211695463,0.8337827883045366,0.1667565576609073,0.6951937380728876,3.0,1.4545103603210103,1.5454896396789897,0.5151632132263299,2.3885382263550934
56,4.0,4.248353210595523,0.24835321059552307,0.06208830264888077,0.06167931721310423,0.0,1.4843045739969107,1.4843045739969107,,2.2031600683881507
57,3.0,4.75776265667969,1.7577626566796898,0.5859208855598966,3.089729557217641,0.0,1.6025197385562646,1.6025197385562646,,2.5680695124624386
58,10.000000953674316,6.5040304565528055,3.495970497121511,0.34959701637198154,12.221809716744024,0.0,1.5210369604345972,1.5210369604345972,,2.3135534350081186
59,2.0,3.0382564730569044,1.0382564730569044,0.5191282365284522,1.0779765038445623,0.0,1.5049392217515418,1.5049392217515418,,2.2648420611661364
60,2.0,2.6951159167963503,0.6951159167963503,0.34755795839817516,0.4831861377836306,0.0,1.3879814053778978,1.3879814053778978,,1.9264923816748043
61,10.000000953674316,7.550480600405621,2.4495203532686958,0.24495201196642533,6.000149961077597,0.0,1.5172358095014449,1.5172358095014449,,2.3020045016335047
62,8.0,4.575257873482329,3.424742126517671,0.4280927658147089,11.72885863314478,0.0,1.5256040942949403,1.5256040942949403,,2.327467852529485
63,1.0,1.6956848676297493,0.6956848676297493,0.6956848676297493,0.48397743504902185,0.0,1.4572235846928163,1.4572235846928163,,2.1235005757849814
64,0.0,0.8180005188385928,0.8180005188385928,,0.6691248488202071,2.0,1.7018336246431724,0.29816637535682755,0.14908318767841378,0.08890318739342858
65,5.0,4.778410847454848,0.22158915254515232,0.044317830509030466,0.049101752525678784,4.0,3.077129708395299,0.9228702916047009,0.23071757290117523,0.8516895751265456
66,5.0,4.258102848677615,0.7418971513223847,0.14837943026447692,0.5504113831402693,4.0,2.695485723763796,1.3045142762362039,0.32612856905905097,1.7017574969040667
67,4.0,3.81220301920305,0.18779698079694995,0.04694924519923749,0.03526770599644999,8.0,2.573827842225931,5.426172157774069,0.6782715197217586,29.443344285802493
68,5.999999523162842,5.488542072900727,0.5114574502621148,0.08524291515151736,0.2615887234286236,4.0,2.094633192912863,1.905366807087137,0.47634170177178425,3.6304226695494313
69,5.0,5.477641630250486,0.4776416302504858,0.09552832605009716,0.22814152694834178,1.0,1.849930400916707,0.849930400916707,0.849930400916707,0.7223816864024343
70,3.0,3.963241663529378,0.9632416635293781,0.3210805545097927,0.9278345023588437,1.0,2.047523087550816,1.047523087550816,1.047523087550816,1.0973046189519944
71,3.0,2.9705306139074192,0.029469386092580763,0.00982312869752692,0.0008684447166735924,3.0,1.9201477685076083,1.0798522314923917,0.3599507438307972,1.166080841859098
72,3.0,3.615924912524819,0.615924912524819,0.20530830417493964,0.3793634978687059,2.0,1.8941626337266926,0.10583736627330742,0.05291868313665371,0.01120154809967023
73,7.0,5.660200074977612,1.3397999250223878,0.19139998928891253,1.7950638390899958,5.0,1.8882630229914246,3.1117369770085754,0.6223473954017151,9.682907014082467
74,7.0,5.7576940430120525,1.2423059569879475,0.1774722795697068,1.5433240907677401,2.0,1.5620970166467343,0.4379029833532657,0.21895149167663286,0.1917590228296905
75,5.0,4.575972887666871,0.4240271123331292,0.08480542246662584,0.17979899199357216,2.0,2.038431108405951,0.03843110840595099,0.019215554202975493,0.0014769500933099566
76,2.0,2.9365524084264547,0.9365524084264547,0.46827620421322735,0.8771304137293928,1.0,1.8912336971622339,0.8912336971622339,0.8912336971622339,0.7942975029574644
77,1.0,1.7560906794883469,0.7560906794883469,0.7560906794883469,0.57167311560915,11.0,2.0068961741365254,8.993103825863475,0.8175548932603159,80.87591642276027
78,3.0,3.946387880683786,0.946387880683786,0.3154626268945953,0.895650020705148,0.0,1.95408698820658,1.95408698820658,,3.818455957478262
79,5.0,4.798625657521659,0.20137434247834118,0.040274868495668234,0.04055162580858425,0.0,2.1471772020118727,2.1471772020118727,,4.610369936839534
80,5.999999523162842,4.7792385595321525,1.2207609636306893,0.20346017677467698,1.4902573303245292,0.0,1.8912336971622339,1.8912336971622339,,3.576764897281932
81,1.0,2.0670799758678458,1.0670799758678458,1.0670799758678458,1.1386596748981224,0.0,1.9294811054048049,1.9294811054048049,,3.7228973361141477
82,2.0,3.061671597079634,1.0616715970796342,0.5308357985398171,1.127146580045621,0.0,1.8984087429769478,1.8984087429769478,,3.6039557554113153
83,5.0,3.930364109055179,1.069635890944821,0.21392717818896417,1.1441209391973208,0.0,2.071803369307513,2.071803369307513,,4.292369201073964
84,2.0,2.82634887971202,0.82634887971202,0.41317443985601,0.6828524710013104,0.0,1.9372652233711771,1.9372652233711771,,3.7529965456833767
85,7.0,4.882309347677727,2.117690652322273,0.30252723604603904,4.484613698933135,0.0,1.9734841424188527,1.9734841424188527,,3.8946396603786746
86,3.0,3.141319068800594,0.14131906880059386,0.04710635626686462,0.01997107920666698,15.0,4.940832043100977,10.059167956899023,0.6706111971266016,101.18685998510406
87,1.0,1.688147498248878,0.688147498248878,0.688147498248878,0.47354697934618956,11.0,5.154564455962518,5.845435544037482,0.5314032312761348,34.16911669949677
88,5.0,4.306864922988184,0.6931350770118163,0.13862701540236327,0.48043623498417654,9.0,5.513148990206387,3.4868510097936127,0.38742788997706806,12.158129964498738
89,5.999999523162842,4.591394302247673,1.4086052209151685,0.23476755547684375,1.9841686683894706,9.0,4.996036227312155,4.003963772687845,0.44488486363198276,16.03172589299668
90,3.0,2.6600325744192173,0.33996742558078274,0.11332247519359424,0.11557785045602506,11.0,4.124389373618153,6.875610626381847,0.6250555114892588,47.27402148561497
91,4.0,3.218401752905943,0.781598247094057,0.19539956177351425,0.6108958198605026,10.000000953674316,4.252382762346992,5.747618191327325,0.5747617643191792,33.03511487327679
92,7.0,4.471177698732049,2.528822301267951,0.3612603287525644,6.394942231390135,15.0,4.457177098271146,10.542822901728854,0.702854860115257,111.15111473721842
93,2.0,2.671018486591329,0.6710184865913291,0.33550924329566456,0.45026580934731775,11.999999046325684,4.459049926331543,7.54094911999414,0.628412476607915,56.8659136303404
94,3.0,3.982938730879731,0.9829387308797308,0.32764624362657696,0.9661685486634559,5.0,4.146177686126073,0.8538223138739269,0.17076446277478538,0.7290125436690266
95,4.0,4.481273496910273,0.48127349691027277,0.12031837422756819,0.23162417882824232,16.0,4.122769911805793,11.877230088194207,0.7423268805121379,141.06859456790576
96,2.0,2.6781405919216072,0.6781405919216072,0.3390702959608036,0.45987466241178787,5.999999523162842,4.465715941687345,1.5342835814754965,0.255713950568235,2.3540261083852765
97,5.0,4.847526880390723,0.15247311960927679,0.030494623921855358,0.023248052203384825,13.000000953674316,4.615184337356076,8.38481661631824,0.6449858462470618,70.30514968928645
98,10.000000953674316,5.801956210075137,4.198044743599179,0.4198044343242472,17.623579669260696,1.0,4.341663847214272,3.3416638472142717,3.3416638472142717,11.166717267778887
99,5.0,4.364959281874087,0.6350407181259126,0.1270081436251825,0.4032767136778747,7.0,4.426366874996681,2.573633125003319,0.36766187500047415,6.623587462114349
100,5.999999523162842,5.4548690106475375,0.5451305125153043,0.09085509263973142,0.29716727567519835,0.0,4.517462097307297,4.517462097307297,,20.407463800608046
101,11.0,7.370698228744573,3.6293017712554274,0.3299365246595843,13.171831346837783,0.0,4.714458473219663,4.714458473219663,,22.226118695712675
102,3.0,3.2427749357549995,0.24277493575499953,0.08092497858499985,0.05893966943084415,0.0,4.505768555283964,4.505768555283964,,20.301950273785742
103,4.0,3.426230735789032,0.5737692642109682,0.14344231605274205,0.3292111685531958,0.0,4.163602149939871,4.163602149939871,,17.33558286298392
104,3.0,3.3180537684817297,0.3180537684817297,0.10601792282724325,0.10115819964542973,0.0,4.204954272786439,4.204954272786439,,17.681640436224928
105,3.0,3.9507082098853576,0.9507082098853576,0.31690273662845253,0.9038461003434213,0.0,4.594313310497328,4.594313310497328,,21.107714795012917
106,3.0,3.9592040714727004,0.9592040714727004,0.31973469049090014,0.9200724507298053,0.0,4.59623320181804,4.59623320181804,,21.125359645494516
107,1.0,2.2900531277441276,1.2900531277441276,1.2900531277441276,1.6642370724024065,0.0,4.44352727969388,4.44352727969388,,19.744934685383694
108,0.0,0.18128057118710827,0.18128057118710827,,0.03286264548992423,11.999999046325684,6.631227380698671,5.368771665627013,0.4473976743582237,28.82370919763945
109,9.0,3.683385844012209,5.316614155987791,0.5907349062208657,28.26638608364977,11.0,5.970744224038544,5.029255775961456,0.45720507054195053,25.29341366004167
110,4.0,3.532629555596408,0.467370444403592,0.116842611100898,0.21843513230201106,5.0,5.37620942742094,0.37620942742093977,0.07524188548418795,0.14153353328039134
111,5.0,3.7159996244526114,1.2840003755473886,0.2568000751094777,1.6486569644058349,9.0,4.81589602422299,4.18410397577701,0.4649004417530011,17.50672608011298
112,6.000000476837158,3.994459143402457,2.005541333434701,0.3342568623414348,4.022196040115039,10.000000953674316,3.2354882557085487,6.764512697965768,0.6764512052851627,45.75863204094011
113,1.0,1.7174025891836058,0.7174025891836058,0.7174025891836058,0.5146664749673414,5.0,3.9782454314585154,1.0217545685414846,0.20435091370829692,1.0439823983353953
114,9.0,6.786212243710714,2.2137877562892863,0.24597641736547626,4.900856229896353,5.0,3.7691110316733427,1.2308889683266573,0.24617779366533146,1.5150876523482628
115,3.0,2.948946628986992,0.05105337101300789,0.017017790337669297,0.002606446691791834,8.0,3.74412184931621,4.25587815068379,0.5319847688354737,18.112498833467676
116,7.0,5.44177204769686,1.55822795230314,0.22260399318616284,2.4280743513388363,8.0,3.538467934998698,4.461532065001302,0.5576915081251628,19.905268367034783
117,0.0,1.0926263742753828,1.0926263742753828,,1.1938323937621689,3.0,4.021894080416936,1.0218940804169359,0.3406313601389786,1.044267511591175
118,7.0,5.8824672019410205,1.1175327980589795,0.15964754257985422,1.248879554737532,7.0,3.9965029548779167,3.0034970451220833,0.42907100644601187,9.020994500057085
119,5.0,4.005667803214876,0.9943321967851242,0.19886643935702483,0.9886965175635309,8.0,3.9272298713178646,4.072770128682135,0.5090962660852669,16.587456521085496
120,3.0,3.9341907685727797,0.9341907685727797,0.31139692285759324,0.8727123920866009,7.0,3.6323786546017622,3.3676213453982378,0.4810887636283197,11.340873525981838
121,9.0,6.872983969136034,2.127016030863966,0.23633511454044065,4.5241971955523,0.0,4.12847625426879,4.12847625426879,,17.04431618206126
122,5.999999523162842,4.812284345760744,1.1877151774020982,0.1979525452988712,1.4106673426312977,0.0,4.213329922001061,4.213329922001061,,17.752149031629468
123,7.0,6.903808363124337,0.09619163687566257,0.013741662410808939,0.009252831004819327,0.0,4.056024252230137,4.056024252230137,,16.451332734679042
124,4.0,4.1017655464799505,0.10176554647995051,0.025441386619987627,0.010356226450362967,0.0,4.028290442312572,4.028290442312572,,16.227123887626814
125,5.0,5.001344248578404,0.0013442485784036506,0.0002688497156807301,1.8070042405402357e-06,0.0,3.368787045587405,3.368787045587405,,11.348726158517518
126,8.0,5.867005047507362,2.1329949524926377,0.2666243690615797,4.54966746735907,0.0,4.002055460408278,4.002055460408278,,16.016447908183714
127,3.0,3.5286226530850984,0.5286226530850984,0.17620755102836613,0.27944190935472824,0.0,4.066424331063438,4.066424331063438,,16.535806840264726
128,3.0,3.797576287789333,0.7975762877893331,0.26585876259644436,0.6361279348438131,0.0,3.7997726846207325,3.7997726846207325,,14.438272454789848
129,5.0,5.542333268985604,0.5423332689856037,0.10846665379712075,0.2941253746486112,2.0,3.517442717336494,1.5174427173364942,0.7587213586682471,2.302632400397563
130,4.0,4.79333164491554,0.7933316449155399,0.19833291122888497,0.6293750988243962,0.0,5.484980861033195,5.484980861033195,,30.08501504590045
131,5.0,5.862603862514382,0.8626038625143817,0.17252077250287634,0.7440854236247303,2.0,4.8192807931499955,2.8192807931499955,1.4096403965749977,7.948344190624468
132,5.0,5.2237732321300845,0.2237732321300845,0.0447546464260169,0.050074459417944674,4.0,4.665459972430317,0.665459972430317,0.16636499310757924,0.4428369749069582
133,5.999999523162842,4.562925881730603,1.4370736414322387,0.2395122926067666,2.0651806508993147,1.0,3.57524432523389,2.57524432523389,2.57524432523389,6.631883334649354
134,5.0,4.208945744844795,0.7910542551552053,0.15821085103104107,0.6257668345991567,1.0,3.917577605280627,2.917577605280627,2.917577605280627,8.512259082835039
135,7.0,5.598314047903435,1.4016859520965648,0.20024085029950925,1.9647235083048533,4.0,3.9431554078878124,0.05684459211218762,0.014211148028046905,0.0032313076524009827
136,5.999999523162842,4.732249204479689,1.2677503186831531,0.21129173657248407,1.6071908705212363,3.0,3.872306276610032,0.8723062766100318,0.2907687588700106,0.7609182402132573
137,8.0,5.609469399174234,2.390530600825766,0.29881632510322076,5.714636553484398,7.0,3.5394383665326457,3.4605616334673543,0.49436594763819347,11.975486819026244
138,5.0,5.012444006398481,0.0124440063984812,0.00248880127969624,0.00015485329524544104,3.0,3.5533322657057216,0.5533322657057216,0.18444408856857386,0.3061765962710273
139,4.0,4.700022004043907,0.7000220040439071,0.17500550101097678,0.4900308061456479,0.0,3.9176665281292173,3.9176665281292173,,15.348111025624036
140,4.0,3.876756538508845,0.12324346149115506,0.030810865372788765,0.01518895080032182,1.0,4.238411137475928,3.2384111374759277,3.2384111374759277,10.487306695328131
141,4.0,5.01160585948221,1.0116058594822102,0.25290146487055254,1.023346414938741,0.0,3.773210240646608,3.773210240646608,,14.237115520120435
142,8.0,7.654173861873673,0.345826138126327,0.043228267265790876,0.1195957178113694,0.0,3.806387050170261,3.806387050170261,,14.48858237570386
143,7.0,6.432581994099586,0.5674180059004144,0.08105971512863062,0.3219631934200027,0.0,4.262882190828679,4.262882190828679,,18.17216457288432
144,4.0,4.0779850819150685,0.07798508191506848,0.01949627047876712,0.00608167300129994,0.0,4.380872948809617,4.380872948809617,,19.192047793611867
145,4.0,4.979204206628955,0.979204206628955,0.24480105165723876,0.9588408782798412,0.0,3.932074981317073,3.932074981317073,,15.46121365869966
146,2.0,3.448594740640437,1.448594740640437,0.7242973703202185,2.098426722611135,0.0,3.878511684929025,3.878511684929025,,15.042852890130986
147,5.999999523162842,5.9782648980265405,0.02173462513630131,0.003622437810602377,0.0004723939298155408,0.0,3.80616590625916,3.80616590625916,,14.486898905969614
148,4.0,4.118080088669997,0.11808008866999664,0.02952002216749916,0.013942907340314269,0.0,4.104209512750043,4.104209512750043,,16.84453572454795
149,5.0,4.464058563882502,0.5359414361174979,0.10718828722349957,0.28723322294768605,0.0,4.032496246969464,4.032496246969464,,16.261025981822808
150,3.0,3.771824930259304,0.7718249302593039,0.2572749767531013,0.5957137229697793,0.0,3.873454446615983,3.873454446615983,,15.003649350009132
151,4.0,4.107329820458139,0.10732982045813877,0.026832455114534692,0.011519690359576304,1.0,1.6697549752611467,0.6697549752611467,0.6697549752611467,0.4485717268870592
152,3.0,4.249199635281639,1.2491996352816388,0.41639987842721293,1.5604997287877793,0.0,1.3194430046033307,1.3194430046033307,,1.740929842396665
153,5.0,5.4292149728834085,0.4292149728834085,0.0858429945766817,0.1842254929473051,2.0,1.41483479367548,0.5851652063245201,0.29258260316226004,0.34241831869281814
154,7.0,4.761039983765473,2.238960016234527,0.3198514308906467,5.012941954296914,2.0,1.3185544137516794,0.6814455862483206,0.3407227931241603,0.4643680870173174
155,7.0,5.739162542892252,1.2608374571077476,0.18011963672967823,1.5897110932459313,5.0,1.3506329930618777,3.6493670069381223,0.7298734013876245,13.31787955132851
156,11.0,6.508721191148951,4.491278808851049,0.4082980735319135,20.171585338834493,4.0,1.3289573713437193,2.6710426286562807,0.6677606571640702,7.134468724099054
157,3.0,4.095723440082996,1.0957234400829963,0.3652411466943321,1.2006098571473156,3.0,1.3575263009312186,1.6424736990687814,0.5474912330229271,2.697719852132686
158,8.0,6.926354249375957,1.0736457506240429,0.13420571882800536,1.1527151978330645,1.0,1.2689567090525529,0.26895670905255287,0.26895670905255287,0.07233771134437958
159,9.0,6.435722022000492,2.5642779779995077,0.2849197753332786,6.575521548453244,3.0,1.2101132213864148,1.7898867786135852,0.5966289262045285,3.2036946802557176
160,2.0,3.0265508525034353,1.0265508525034353,0.5132754262517176,1.0538066527755297,1.0,0.9842837820694059,0.01571621793059408,0.01571621793059408,0.0002469995060419268
161,3.0,4.129252782473158,1.1292527824731584,0.37641759415771947,1.2752118467233704,0.0,1.3931854083643564,1.3931854083643564,,1.9409655820793585
162,3.0,3.5646001823704374,0.5646001823704374,0.1882000607901458,0.3187733659327312,2.0,1.2409309897234095,0.7590690102765905,0.37953450513829523,0.5761857623622826
163,5.0,5.194594128012432,0.19459412801243214,0.038918825602486426,0.03786687465691883,0.0,1.280189450569007,1.280189450569007,,1.638885029348176
164,4.0,4.784621521072794,0.7846215210727943,0.19615538026819856,0.6156309313305853,0.0,1.0965927470099346,1.0965927470099346,,1.2025156527947944
165,4.0,4.4136701226166535,0.4136701226166535,0.10341753065416337,0.1711229703456771,0.0,1.347065234930545,1.347065234930545,,1.8145847471584844
166,4.0,3.8713117678343485,0.1286882321656515,0.032172058041412877,0.016560661097920624,0.0,1.214748371072678,1.214748371072678,,1.4756136050237247
167,5.0,5.40483112345683,0.40483112345683026,0.08096622469136605,0.16388823851931933,0.0,1.3988144995610754,1.3988144995610754,,1.9566820041823019
168,3.0,4.227383155676767,1.2273831556767671,0.4091277185589224,1.5064694108390593,0.0,1.2718341235621486,1.2718341235621486,,1.6175620378570987
169,2.0,2.4347786764683166,0.4347786764683166,0.2173893382341583,0.1890324975115411,0.0,1.2860444758672545,1.2860444758672545,,1.6539103939086812
170,4.0,3.477595701153705,0.5224042988462951,0.13060107471157378,0.2729062514530892,0.0,1.2482575877463322,1.2482575877463322,,1.5581470053662922
171,2.0,2.383722293869794,0.38372229386979395,0.19186114693489698,0.1472427988126965,0.0,1.2861234571760702,1.2861234571760702,,1.6541135470985269
172,7.0,4.586318010980954,2.4136819890190457,0.34481171271700656,5.825860744114937,0.0,0.6840424463607955,0.6840424463607955,,0.4679140684232618
173,5.0,3.8097535141694054,1.1902464858305946,0.23804929716611892,1.4166866970320797,1.0,0.9109159922199563,0.08908400778004366,0.08908400778004366,0.00793596044215488
174,4.0,3.0717741567037145,0.9282258432962855,0.2320564608240714,0.8616032161631004,2.0,0.9171638515442364,1.0828361484557636,0.5414180742278818,1.1725341244025125
175,0.0,1.018564816511041,1.018564816511041,,1.0374742854341708,3.0,1.0082113282003555,1.9917886717996445,0.6639295572665481,3.9672221131093917
176,9.0,6.769588025349002,2.2304119746509983,0.2478235527389998,4.974737576666565,0.0,1.1763466417030197,1.1763466417030197,,1.3837914214459726
177,7.0,6.630833453145604,0.3691665468543963,0.052738078122056616,0.13628393931639918,0.0,1.215165104916864,1.215165104916864,,1.476626232207613
178,13.000000953674316,7.5537103325040444,5.446290621170272,0.41894540166406175,29.662081530247267,0.0,1.2423381638511897,1.2423381638511897,,1.5434041133611454
179,3.0,3.996173792974348,0.9961737929743482,0.33205793099144937,0.9923622258088994,0.0,1.4328411214760637,1.4328411214760637,,2.053033679392784
180,8.0,6.32644299073331,1.6735570092666903,0.20919462615833628,2.800793063265669,0.0,1.3128254418801308,1.3128254418801308,,1.7235106408477607
181,3.0,3.5515562647329455,0.5515562647329455,0.18385208824431518,0.30421431316615904,0.0,1.1930248089718587,1.1930248089718587,,1.4233081948223398
182,4.0,3.9341207771726454,0.06587922282735459,0.016469805706838647,0.004340072000336238,0.0,1.5886285065877255,1.5886285065877255,,2.523740531943147
183,5.999999523162842,4.974515380022503,1.0254841431403392,0.1709140374397505,1.0516177278322758,2.0,1.33595390600482,0.66404609399518,0.33202304699759,0.4409572149502554
184,2.0,2.981014527348485,0.9810145273484849,0.49050726367424247,0.9623895028687713,0.0,1.3128254418801308,1.3128254418801308,,1.7235106408477607
185,3.0,3.351272675527883,0.3512726755278832,0.11709089184262773,0.12339249257251753,0.0,1.3220472581383862,1.3220472581383862,,1.7478089527512248
186,9.0,7.9039014433485075,1.0960985566514925,0.12178872851683249,1.201432045893485,0.0,1.3232516528200642,1.3232516528200642,,1.7509949366910316
187,5.0,4.7225567711408,0.2774432288591999,0.055488645771839984,0.07697474523981838,0.0,1.387428798632619,1.387428798632619,,1.9249586712751525
188,3.0,3.5350006961327427,0.5350006961327427,0.1783335653775809,0.2862257448625193,0.0,1.617922417747332,1.617922417747332,,2.617672949849372
189,7.0,5.31894320387077,1.68105679612923,0.24015097087560427,2.8259519518122715,0.0,1.4156509008449194,1.4156509008449194,,2.004067473063032
190,9.0,6.646371521737578,2.353628478262422,0.26151427536249133,5.539567013687885,0.0,1.3426043113133344,1.3426043113133344,,1.8025863367571529
191,5.999999523162842,5.9235024853928016,0.07649703777004024,0.012749507308246514,0.005851796787590964,0.0,1.371340645625314,1.371340645625314,,1.8805751663440533
192,3.0,3.468564371995533,0.4685643719955328,0.15618812399851092,0.21955257070356804,0.0,1.3484540469080426,1.3484540469080426,,1.8183283166226776
193,8.0,6.214652388578333,1.7853476114216669,0.22316845142770836,3.1874660936090513,,,,,
194,7.0,6.092704089373829,0.9072959106261713,0.12961370151802448,0.8231858694389734,,,,,
195,2.0,3.1166738217381837,1.1166738217381837,0.5583369108690919,1.246960424155361,,,,,
196,4.0,3.402113092479352,0.5978869075206479,0.14947172688016197,0.3574687541846038,,,,,
197,3.0,3.649314949146632,0.6493149491466319,0.21643831638221064,0.4216099031852932,,,,,
198,14.000000953674316,7.566956109653997,6.433044844020319,0.459503171843139,41.38406596517641,,,,,
199,11.0,6.765208372415094,4.234791627584906,0.3849810570531733,17.93346012906322,,,,,
200,1.0,2.4008109680137935,1.4008109680137935,1.4008109680137935,1.962271368107741,,,,,
201,5.0,4.596781707933739,0.4032182920662608,0.08064365841325216,0.1625849910568324,,,,,
202,4.0,4.772013195620305,0.7720131956203051,0.19300329890507628,0.5960043742118755,,,,,
203,5.999999523162842,4.909667947550722,1.0903315756121197,0.18172194371064915,1.1888229447768075,,,,,
204,5.0,5.374732766576981,0.3747327665769813,0.07494655331539626,0.14042464634643834,,,,,
205,3.0,3.292911563637401,0.2929115636374009,0.09763718787913363,0.08579718411250715,,,,,
206,2.0,2.573782804236261,0.5737828042362612,0.2868914021181306,0.32922670643722757,,,,,
207,4.0,4.076078926590585,0.07607892659058457,0.019019731647646143,0.005788003071175557,,,,,
208,4.0,4.672313049263341,0.6723130492633409,0.16807826231583523,0.45200483620977144,,,,,
209,8.0,6.091469241120968,1.9085307588790323,0.23856634485987904,3.642489657587375,,,,,
210,5.999999523162842,5.0810192398456095,0.9189802833172322,0.15316339272520485,0.8445247611258204,,,,,
211,0.0,1.4382105061072568,1.4382105061072568,,2.0684494598772916,,,,,
212,5.0,4.662371996403164,0.3376280035968362,0.06752560071936724,0.11399266881278523,,,,,
213,7.0,5.355464386502166,1.6445356134978342,0.23493365907111916,2.704497384062698,,,,,
214,3.0,3.4621447890578816,0.4621447890578816,0.15404826301929386,0.21357780605335386,,,,,
215,0.0,0.11433338392919941,0.11433338392919941,,0.013072122680701714,,,,,
216,0.0,-0.06023613606137533,0.06023613606137533,,0.0036283920876045215,,,,,
217,0.0,-0.12760189281745507,0.12760189281745507,,0.016282243050597292,,,,,
218,0.0,-0.07519256501606561,0.07519256501606561,,0.005653921833695254,,,,,
219,0.0,0.01839626643915483,0.01839626643915483,,0.00033842261890037426,,,,,
220,0.0,0.07915901518748804,0.07915901518748804,,0.006266149685452962,,,,,
221,0.0,0.03845141721836411,0.03845141721836411,,0.0014785114861007081,,,,,
222,0.0,0.0412085089505384,0.0412085089505384,,0.0016981412099266037,,,,,
223,0.0,0.03543034741386844,0.03543034741386844,,0.0012553095178674141,,,,,
224,2.0,2.204008623146138,0.2040086231461382,0.1020043115730691,0.04161951831798304,,,,,
225,1.0,1.678448137294053,0.678448137294053,0.678448137294053,0.46029187499777013,,,,,
226,3.0,3.0061775029339124,0.006177502933912393,0.0020591676446374643,3.816154249849623e-05,,,,,
227,5.999999523162842,3.7091848290323925,2.2908146941304492,0.38180247936467643,5.247831962843984,,,,,
228,4.0,3.712730286798174,0.2872697132018258,0.07181742830045645,0.08252388812305926,,,,,
229,1.0,1.6637205923225613,0.6637205923225613,0.6637205923225613,0.44052502467301163,,,,,
230,2.0,3.0731937780115173,1.0731937780115173,0.5365968890057586,1.1517448851626337,,,,,
231,4.0,3.6893389948642223,0.31066100513577766,0.07766525128394441,0.09651026011197167,,,,,
232,3.0,2.231721512391018,0.7682784876089821,0.25609282920299403,0.5902518345227449,,,,,
233,4.0,3.526676598768411,0.473323401231589,0.11833085030789725,0.22403504215343978,,,,,
234,3.0,3.3447645656573135,0.3447645656573135,0.11492152188577116,0.11886260573287603,,,,,
235,5.0,4.050653745448432,0.9493462545515676,0.18986925091031354,0.9012583110310899,,,,,
236,5.999999523162842,4.551906919351965,1.4480926038108768,0.24134878648249106,2.096972189211765,,,,,
237,4.0,3.2502473107959498,0.7497526892040502,0.18743817230101256,0.5621290949687051,,,,,
238,8.0,5.799701389096643,2.2002986109033573,0.27503732636291967,4.841313977143244,,,,,
239,2.0,2.960669314297527,0.9606693142975269,0.48033465714876344,0.9228855314328805,,,,,
240,3.0,3.4215341454612487,0.4215341454612487,0.14051138182041623,0.17769103578974516,,,,,
241,2.0,2.7852186118120423,0.7852186118120423,0.39260930590602117,0.6165682683360308,,,,,
242,3.0,3.5531676337631968,0.5531676337631968,0.18438921125439892,0.3059944310431742,,,,,
243,4.0,3.4272940464163044,0.5727059535836956,0.1431764883959239,0.32799210927021005,,,,,
244,2.0,2.094928341305509,0.09492834130550909,0.047464170652754545,0.009011389983015223,,,,,
245,2.0,2.302385245786838,0.3023852457868381,0.15119262289341906,0.0914368368695665,,,,,
246,3.0,2.2155992934277764,0.7844007065722236,0.2614669021907412,0.6152844684710036,,,,,
247,2.0,2.335170659816879,0.3351706598168791,0.16758532990843955,0.1123393712020821,,,,,
248,2.0,1.9212496811345843,0.07875031886541572,0.03937515943270786,0.006201612721404652,,,,,
249,2.0,2.4819741959465715,0.48197419594657154,0.24098709797328577,0.23229912555834414,,,,,
250,1.0,1.6533035688148132,0.6533035688148132,0.6533035688148132,0.4268055530261714,,,,,
251,3.0,3.4410183531338854,0.4410183531338854,0.14700611771129513,0.19449718780092443,,,,,
252,8.0,4.3101649653501815,3.6898350346498185,0.4612293793312273,13.614882582929228,,,,,
253,5.0,3.3284262360595536,1.6715737639404464,0.3343147527880893,2.7941588482940314,,,,,
254,5.0,5.212547115363586,0.21254711536358606,0.04250942307271721,0.04517627624938156,,,,,
255,3.0,3.4363602752513254,0.43636027525132537,0.14545342508377512,0.19041028981741243,,,,,
256,3.0,3.5351277199216984,0.5351277199216984,0.17837590664056613,0.2863616766285957,,,,,
257,4.0,3.3657119264571627,0.6342880735428373,0.15857201838570933,0.4023213602386838,,,,,
258,2.0,2.4842433927068694,0.48424339270686945,0.24212169635343472,0.23449166338025937,,,,,
259,4.0,3.0502051640111,0.9497948359889001,0.23744870899722503,0.9021102304711817,,,,,
260,4.0,3.6109739768122227,0.38902602318777735,0.09725650579694434,0.15134124671729707,,,,,
261,5.0,3.7736291007347447,1.2263708992652553,0.24527417985305106,1.503985582564671,,,,,
262,1.0,2.0583256854209107,1.0583256854209107,1.0583256854209107,1.1200532564216403,,,,,
263,0.0,1.2502615023614192,1.2502615023614192,,1.563153824287033,,,,,
264,3.0,2.4726126612692054,0.5273873387307946,0.17579577957693152,0.27813740505354984,,,,,
265,2.0,2.011855585722852,0.011855585722852169,0.005927792861426084,0.00014055491283189618,,,,,
266,2.0,1.6950869791151382,0.30491302088486183,0.15245651044243091,0.09297195030513218,,,,,
267,1.0,1.844809520535255,0.844809520535255,0.844809520535255,0.7137031259870075,,,,,
268,2.0,2.4628690786511305,0.46286907865113047,0.23143453932556524,0.21424778397134642,,,,,
269,4.0,3.6037224602615874,0.3962775397384126,0.09906938493460316,0.1570358885011292,,,,,
270,4.0,2.26534358773779,1.73465641226221,0.4336641030655525,3.009032868602402,,,,,
271,3.0,3.360662486542066,0.3606624865420658,0.12022082884735526,0.1300774291987058,,,,,
272,5.999999523162842,4.618772975499405,1.381226547663437,0.23020444290557823,1.9077867759702571,,,,,
273,4.0,3.475321013359318,0.5246789866406818,0.13116974666017045,0.27528803902229276,,,,,
274,5.0,5.106222094516227,0.10622209451622666,0.021244418903245334,0.01128313336341419,,,,,
275,1.0,1.735085283585121,0.7350852835851209,0.7350852835851209,0.5403503741434177,,,,,
276,4.0,3.4786757393356433,0.5213242606643567,0.13033106516608917,0.2717789847572381,,,,,
277,2.0,2.43559060276671,0.4355906027667098,0.2177953013833549,0.18973917321866557,,,,,
278,1.0,1.4036189066683642,0.4036189066683642,0.4036189066683642,0.16290822182016568,,,,,
279,3.0,2.1144450189706823,0.8855549810293177,0.29518499367643924,0.7842076244258352,,,,,
280,0.0,0.7309383468214228,0.7309383468214228,,0.5342708668540346,,,,,
281,2.0,2.1018710989949523,0.10187109899495228,0.05093554949747614,0.010377720810439368,,,,,
282,3.0,2.760732455522804,0.23926754447719611,0.07975584815906538,0.05724895784014702,,,,,
283,3.0,3.280518269531563,0.2805182695315631,0.09350608984385438,0.07869049954098269,,,,,
284,4.0,3.4750697955170464,0.5249302044829536,0.1312325511207384,0.27555171957851543,,,,,
285,1.0,1.3804932384175186,0.3804932384175186,0.3804932384175186,0.14477510448145064,,,,,
286,5.999999523162842,3.865331249323523,2.134668273839319,0.35577807391458743,4.556808639336137,,,,,
287,2.0,1.7519688631180896,0.24803113688191036,0.12401556844095518,0.061519444862932954,,,,,
288,1.0,1.2982076852727498,0.29820768527274977,0.29820768527274977,0.08892782355573138,,,,,
289,1.0,2.0140550748922483,1.0140550748922483,1.0140550748922483,1.0283076949147234,,,,,
290,8.0,4.790755270327285,3.209244729672715,0.4011555912090894,10.299251734932099,,,,,
291,0.0,0.7398956768047784,0.7398956768047784,,0.5474456125544012,,,,,
292,3.0,3.016130833447561,0.016130833447561166,0.005376944482520389,0.00026020378771295804,,,,,
293,7.0,4.346299047400973,2.653700952599027,0.3791001360855753,7.042128745824983,,,,,
294,4.0,3.5015147479387503,0.4984852520612497,0.12462131301531243,0.24848754652256766,,,,,
295,2.0,2.919307127969152,0.919307127969152,0.459653563984576,0.8451255955348909,,,,,
296,5.999999523162842,4.283548305367569,1.7164512177952727,0.28607522570109506,2.9462047830708746,,,,,
297,7.0,4.555182214197567,2.4448177858024334,0.3492596836860619,5.977134005775913,,,,,
298,2.0,2.401731907627111,0.4017319076271111,0.20086595381355554,0.1613885256057177,,,,,
299,5.0,4.310932607324061,0.6890673926759394,0.13781347853518788,0.4748138716492173,,,,,
300,4.0,3.301579512866299,0.698420487133701,0.17460512178342524,0.48779117684807616,,,,,
301,3.0,2.172157216648191,0.8278427833518092,0.2759475944506031,0.6853236739476705,,,,,
302,0.0,0.7983926617289441,0.7983926617289441,,0.6374308423026281,,,,,
303,4.0,3.4713058500464227,0.5286941499535773,0.13217353748839433,0.2795175041951357,,,,,
304,3.0,2.8865482615538838,0.11345173844611622,0.03781724614870541,0.012871296956445967,,,,,
305,2.0,2.5724455752918582,0.5724455752918582,0.2862227876459291,0.32769393667122654,,,,,
306,4.0,3.2231465129328694,0.7768534870671306,0.19421337176678266,0.6035013403683606,,,,,
307,1.0,1.4534468385129533,0.4534468385129533,0.4534468385129533,0.20561403535739237,,,,,
308,4.0,3.0680676630950394,0.9319323369049606,0.23298308422624014,0.8684978805691409,,,,,
309,2.0,1.4860939745450095,0.5139060254549905,0.25695301272749527,0.26409940299894535,,,,,
310,1.0,1.3119574336609157,0.31195743366091566,0.31195743366091566,0.0973174404163046,,,,,
311,2.0,2.0513818283963263,0.05138182839632632,0.02569091419816316,0.0026400922893495262,,,,,
312,2.0,2.0512948441347287,0.051294844134728734,0.025647422067364367,0.002631161034806115,,,,,
313,4.0,3.699916486402267,0.3000835135977331,0.07502087839943328,0.09005011513316087,,,,,
314,0.0,0.8164152580826749,0.8164152580826749,,0.6665338736302007,,,,,
315,3.0,3.014518470004787,0.014518470004786899,0.004839490001595633,0.00021078597127989688,,,,,
316,3.0,3.019946109088478,0.019946109088477826,0.006648703029492609,0.0003978472677694577,,,,,
317,5.0,3.9109172524457287,1.0890827475542713,0.21781654951085425,1.1861012310203605,,,,,
318,2.0,2.030798809372317,0.03079880937231705,0.015399404686158524,0.0009485666587523245,,,,,
319,5.999999523162842,3.405722276808068,2.594277246354774,0.4323795754215703,6.730274430954108,,,,,
320,0.0,0.7216131380923116,0.7216131380923116,,0.5207255210674336,,,,,
321,3.0,2.525485425217969,0.47451457478203096,0.15817152492734365,0.22516408168057164,,,,,
322,1.0,1.4605225415217968,0.46052254152179684,0.46052254152179684,0.21208101124969508,,,,,
323,0.0,0.03309553214895828,0.03309553214895828,,0.001095314248222731,,,,,
324,0.0,0.21236331399736544,0.21236331399736544,,0.045098177131943626,,,,,
325,0.0,0.13486846218852586,0.13486846218852586,,0.018189502093097828,,,,,
326,0.0,0.062461657817964845,0.062461657817964845,,0.003901458697368529,,,,,
327,0.0,0.04739002677074378,0.04739002677074378,,0.0022458146373318124,,,,,
328,8.0,4.28819149878798,3.71180850121202,0.4639760626515025,13.777522349669821,,,,,
329,1.0,2.4031339129781415,1.4031339129781415,1.4031339129781415,1.9687847777493508,,,,,
330,3.0,3.80131409912308,0.80131409912308,0.26710469970769335,0.6421042854534333,,,,,
331,4.0,3.7787587568663445,0.22124124313365545,0.05531031078341386,0.048947687663325246,,,,,
332,2.0,2.028109506425095,0.02810950642509491,0.014054753212547455,0.000790144351462452,,,,,
333,2.0,2.0595773359275555,0.05957733592755554,0.02978866796377777,0.0035494589562248004,,,,,
334,4.0,3.312857667349393,0.6871423326506072,0.1717855831626518,0.47216458532051775,,,,,
335,3.0,3.1104350555327223,0.11043505553272226,0.036811685177574084,0.01219590149051545,,,,,
336,5.0,4.808530804227234,0.19146919577276567,0.03829383915455313,0.036660452929869664,,,,,
337,4.0,4.318135640897625,0.3181356408976246,0.07953391022440615,0.10121028600934234,,,,,
338,7.0,5.843490661530501,1.1565093384694993,0.16521561978135704,1.337513849967159,,,,,
339,1.0,2.168526396953685,1.168526396953685,1.168526396953685,1.365453940377561,,,,,
340,5.0,4.9020160250398135,0.09798397496018652,0.019596794992037304,0.009600859348998458,,,,,
341,3.0,2.4077671607400988,0.5922328392599012,0.19741094641996706,0.350739735897844,,,,,
342,2.0,2.8551099653174954,0.8551099653174954,0.4275549826587477,0.7312130527852881,,,,,
343,2.0,2.2796793243277045,0.2796793243277045,0.13983966216385224,0.0782205244564013,,,,,
344,1.0,1.4532279668608896,0.4532279668608896,0.4532279668608896,0.20541558994485565,,,,,
345,2.0,2.9364685876905985,0.9364685876905985,0.46823429384529924,0.8769734157312241,,,,,
346,2.0,3.019806090380266,1.019806090380266,0.509903045190133,1.040004461976683,,,,,
347,5.999999523162842,4.298847764117155,1.701151759045687,0.2835253157068488,2.8939173073042355,,,,,
348,3.0,2.298458633365739,0.7015413666342609,0.23384712221142032,0.4921602890990665,,,,,
349,2.0,2.0080160942552325,0.008016094255232531,0.0040080471276162655,6.425776710877199e-05,,,,,
350,1.0,1.728480178463065,0.728480178463065,0.728480178463065,0.530683370413579,,,,,
351,3.0,2.493351895323367,0.5066481046766329,0.16888270155887763,0.2566923019724244,,,,,
352,2.0,2.6041979651634413,0.6041979651634413,0.30209898258172063,0.36505518110764296,,,,,
353,3.0,2.765658222902235,0.23434177709776494,0.07811392569925497,0.05491606849333855,,,,,
354,5.0,4.073994035907786,0.926005964092214,0.1852011928184428,0.8574870455343507,,,,,
355,4.0,3.4737842438997033,0.5262157561002967,0.13155393902507417,0.27690302196820693,,,,,
356,1.0,1.5494797132294575,0.5494797132294575,0.5494797132294575,0.3019279552507269,,,,,
357,5.999999523162842,4.469815127346972,1.53018439581587,0.25503075290400157,2.3414642851983793,,,,,
358,4.0,3.6082540164188153,0.39174598358118473,0.09793649589529618,0.15346491565198986,,,,,
359,3.0,3.196791266497428,0.19679126649742784,0.06559708883247595,0.03872680256966166,,,,,
360,1.0,2.0666296069439323,1.0666296069439323,1.0666296069439323,1.1376987184093674,,,,,
361,3.0,3.342521744391302,0.342521744391302,0.11417391479710066,0.11732114538086043,,,,,
362,7.0,5.5771061353002,1.4228938646998,0.2032705520999714,2.0246269502003327,,,,,
363,4.0,3.5310644326966862,0.46893556730331376,0.11723389182582844,0.2199005662820807,,,,,
364,5.999999523162842,5.29869342127227,0.7013061018905722,0.11688435960422967,0.49183024854894963,,,,,
365,3.0,3.241399795897409,0.2413997958974088,0.08046659863246959,0.05827386145931062,,,,,
366,4.0,3.6620512164649,0.33794878353509983,0.08448719588377496,0.11420938029285375,,,,,
367,2.0,2.2440354833788434,0.2440354833788434,0.1220177416894217,0.059553317147945754,,,,,
368,2.0,2.812650881323733,0.8126508813237332,0.4063254406618666,0.6604014549162402,,,,,
369,2.0,2.606966515870013,0.6069665158700128,0.3034832579350064,0.36840835138738254,,,,,
370,3.0,2.9630659360590736,0.036934063940926354,0.01231135464697545,0.0013641250791924363,,,,,
371,4.0,3.77003687566717,0.22996312433282995,0.05749078108320749,0.05288303855291661,,,,,
372,4.0,3.29415656639394,0.7058434336060602,0.17646085840151504,0.49821495276479266,,,,,
373,2.0,2.540194977033391,0.5401949770333911,0.27009748851669557,0.291810613212106,,,,,
374,5.999999523162842,4.054496185787426,1.945503337375416,0.324250581998357,3.7849832357388817,,,,,
375,5.0,3.2147946479176506,1.7852053520823494,0.3570410704164699,3.1869581491034653,,,,,
376,7.0,5.182084530035729,1.8179154699642712,0.2597022099948959,3.3048166559354173,,,,,
377,3.0,3.9024170709744013,0.9024170709744013,0.3008056903248004,0.8143565699860176,,,,,
378,5.0,5.092463583917951,0.09246358391795084,0.018492716783590168,0.008549514350951937,,,,,
379,4.0,3.931825228892973,0.06817477110702708,0.01704369277675677,0.004647799415495534,,,,,
380,4.0,3.905556292036893,0.09444370796310686,0.023610926990776715,0.008919613973820614,,,,,
381,1.0,2.768647536983753,1.768647536983753,1.768647536983753,3.1281141100786964,,,,,
382,5.0,4.532656224854892,0.4673437751451077,0.09346875502902155,0.218410204166881,,,,,
383,8.0,4.970946981793078,3.0290530182069224,0.3786316272758653,9.175162187108466,,,,,
384,3.0,3.6663558848919617,0.6663558848919617,0.22211862829732057,0.4440301653301494,,,,,
385,2.0,2.4995914186555765,0.49959141865557655,0.24979570932778827,0.24959158559429157,,,,,
386,4.0,3.7558943187497054,0.24410568125029464,0.06102642031257366,0.05958758361867045,,,,,
387,3.0,2.4207414419275604,0.5792585580724396,0.19308618602414654,0.33554047710016194,,,,,
388,2.0,2.2221746113200562,0.22217461132005623,0.11108730566002811,0.049361557915218054,,,,,
389,2.0,1.9835726153173314,0.016427384682668578,0.008213692341334289,0.0002698589675123742,,,,,
390,1.0,1.886023637561323,0.8860236375613231,0.8860236375613231,0.7850378863173988,,,,,
391,2.0,2.486308141769328,0.486308141769328,0.243154070884664,0.23649560875113684,,,,,
392,4.0,3.4560262911501107,0.5439737088498893,0.13599342721247232,0.2959073959199041,,,,,
393,5.0,3.528155983720957,1.471844016279043,0.2943688032558086,2.1663248082564235,,,,,
394,2.0,1.992521841845953,0.007478158154047065,0.0037390790770235327,5.592284937694061e-05,,,,,
395,2.0,1.8446711414898203,0.15532885851017975,0.07766442925508987,0.02412705428607544,,,,,
396,1.0,1.5107651666456112,0.5107651666456112,0.5107651666456112,0.26088105545851903,,,,,
397,3.0,2.4644361841079845,0.5355638158920155,0.17852127196400516,0.2868286008928167,,,,,
398,4.0,3.0338746856781453,0.9661253143218547,0.24153132858046367,0.9333981229735024,,,,,
399,0.0,0.6367631809374765,0.6367631809374765,,0.40546734859761346,,,,,
400,3.0,1.922575241722718,1.077424758277282,0.35914158609242736,1.1608441097488595,,,,,
401,2.0,2.8746853856667083,0.8746853856667083,0.43734269283335414,0.7650745238989182,,,,,
402,7.0,5.422189379739534,1.5778106202604656,0.2254015171800665,2.4894863534067153,,,,,
403,4.0,3.986723709560331,0.013276290439669047,0.003319072609917262,0.00017625988783844773,,,,,
404,5.0,3.875725275628768,1.124274724371232,0.22485494487424643,1.26399365586001,,,,,
405,2.0,2.8186126210597955,0.8186126210597955,0.40930631052989774,0.6701266233583884,,,,,
406,5.0,4.363696160066147,0.636303839933853,0.1272607679867706,0.4048825767145664,,,,,
407,1.0,1.9247080759286077,0.9247080759286077,0.9247080759286077,0.8550850256875877,,,,,
408,5.0,4.303908504094246,0.6960914959057538,0.13921829918115075,0.48454337067231007,,,,,
409,3.0,2.1746222496318706,0.8253777503681294,0.2751259167893765,0.6812484308027542,,,,,
410,3.0,2.3967596022718776,0.6032403977281224,0.20108013257604082,0.3638989774511833,,,,,
411,5.999999523162842,4.4388166671763,1.5611828559865417,0.2601971633430363,2.437291909826295,,,,,
412,4.0,2.9542607438579314,1.0457392561420686,0.26143481403551716,1.093570591836567,,,,,
413,1.0,1.447747107018638,0.44774710701863807,0.44774710701863807,0.20047747184355974,,,,,
414,1.0,2.042970810505411,1.0429708105054112,1.0429708105054112,1.0877881115663144,,,,,
415,3.0,2.448750794100921,0.551249205899079,0.183749735299693,0.3038756870043652,,,,,
416,0.0,1.0536871813493316,1.0536871813493316,,1.1102566761398993,,,,,
417,0.0,0.6715808290298677,0.6715808290298677,,0.4510208099204444,,,,,
418,2.0,1.5448775752151338,0.4551224247848662,0.2275612123924331,0.2071364215420562,,,,,
419,4.0,3.179508816177754,0.820491183822246,0.2051227959555615,0.6732057827300306,,,,,
420,1.0,1.2993153680915182,0.29931536809151815,0.29931536809151815,0.08958968957576101,,,,,
421,3.0,3.525525466352094,0.5255254663520939,0.17517515545069795,0.2761770157845857,,,,,
422,5.999999523162842,3.9888974103321804,2.0111021128306614,0.33518371210978504,4.0445317082319505,,,,,
423,3.0,1.8955920024710333,1.1044079975289667,0.3681359991763222,1.2197170250059421,,,,,
424,0.0,0.6155736865291448,0.6155736865291448,,0.37893096354708183,,,,,
425,5.0,4.5909603070163545,0.4090396929836455,0.08180793859672911,0.16731347043615497,,,,,
426,0.0,0.8560147567947713,0.8560147567947713,,0.7327612638504115,,,,,
427,1.0,1.951254445194336,0.9512544451943361,0.9512544451943361,0.9048850195019842,,,,,
428,4.0,3.183545573488967,0.816454426511033,0.20411360662775824,0.6665978305694596,,,,,
429,2.0,1.8103027747895997,0.18969722521040033,0.09484861260520017,0.035985037252525345,,,,,
430,2.0,2.315117203420251,0.3151172034202512,0.1575586017101256,0.09929885189139996,,,,,
431,8.0,5.177976999013988,2.822023000986012,0.3527528751232515,7.9638138180940965,,,,,
432,4.0,3.868602508865872,0.1313974911341278,0.03284937278353195,0.017265300676343194,,,,,
433,0.0,1.152589967850349,1.152589967850349,,1.3284636339892686,,,,,
434,0.0,1.5050258236319598,1.5050258236319598,,2.265102729799059,,,,,
435,5.0,4.05728608562251,0.9427139143774896,0.18854278287549792,0.8887095243609289,,,,,
436,4.0,3.989416873142538,0.010583126857461878,0.0026457817143654694,0.00011200257408113092,,,,,
437,5.999999523162842,4.904717379075865,1.095282144086977,0.18254703852203136,1.1996429751557656,,,,,
438,5.0,3.9109889197390704,1.0890110802609296,0.21780221605218592,1.1859451329310768,,,,,
439,5.0,4.1490490482103635,0.8509509517896365,0.17019019035792732,0.7241175223516884,,,,,
440,5.0,4.619389812549884,0.38061018745011577,0.07612203749002315,0.14486411479081227,,,,,
441,9.0,7.387547854361031,1.6124521456389687,0.17916134951544097,2.600001921975714,,,,,
442,5.0,4.415769123236068,0.5842308767639324,0.11684617535278648,0.34132571736435313,,,,,
443,5.0,6.027318396199459,1.0273183961994592,0.20546367923989184,1.055383087169829,,,,,
444,4.0,5.0497832469737665,1.0497832469737665,0.2624458117434416,1.102044865626784,,,,,
445,11.999999046325684,7.562790210678694,4.43720883564699,0.3697674323570578,19.688822251143716,,,,,
446,3.0,3.6945644124083445,0.6945644124083445,0.23152147080278151,0.4824197229841489,,,,,
447,11.0,8.983756503241988,2.016243496758012,0.18329486334163744,4.065237838218975,,,,,
448,8.0,7.276079005573196,0.7239209944268037,0.09049012430335046,0.5240616061718923,,,,,
449,7.0,6.607603473534849,0.3923965264651512,0.056056646637878745,0.15397503398191612,,,,,
450,8.0,6.7291305479509305,1.2708694520490695,0.1588586815061337,1.6151091641515023,,,,,
451,8.0,8.057746335734835,0.05774633573483534,0.007218291966854418,0.0033346392908003212,,,,,
452,8.0,8.788909758233535,0.7889097582335349,0.09861371977919187,0.6223786066360946,,,,,
453,15.0,9.405949164697645,5.594050835302355,0.3729367223534903,31.293404747946973,,,,,
454,7.0,5.325153368495937,1.6748466315040629,0.2392638045005804,2.805111239060506,,,,,
455,2.0,3.724951270608086,1.724951270608086,0.862475635304043,2.9754568859724504,,,,,
456,7.0,6.607286680087963,0.39271331991203695,0.05610190284457671,0.15422375163633387,,,,,
457,8.0,6.02033795171496,1.9796620482850402,0.24745775603563003,3.919061825420121,,,,,
458,3.0,4.062111295030067,1.0621112950300668,0.3540370983433556,1.1280804030304457,,,,,
459,5.0,6.395459659757353,1.3954596597573534,0.2790919319514707,1.9473076620101086,,,,,
460,5.0,4.832234966012825,0.16776503398717502,0.033553006797435,0.028145106628717987,,,,,
461,2.0,3.7391883420719036,1.7391883420719036,0.8695941710359518,3.024776089198817,,,,,
462,2.0,4.560754401074103,2.560754401074103,1.2803772005370515,6.557463102620388,,,,,
463,23.0,10.058067901042563,12.941932098957437,0.5626926999546712,167.49360645402487,,,,,
464,4.0,4.9976845049852265,0.9976845049852265,0.24942112624630663,0.9953743714876165,,,,,
465,4.0,4.590236916937472,0.5902369169374717,0.14755922923436793,0.3483796181158519,,,,,
466,9.0,6.854757365429393,2.1452426345706073,0.23836029273006748,4.60206596117944,,,,,
467,7.0,6.720105040698555,0.27989495930144503,0.03998499418592072,0.07834118824235757,,,,,
468,8.0,6.613841167941023,1.3861588320589773,0.17326985400737216,1.921436307695108,,,,,
469,14.000000953674316,8.80160097508367,5.198399978590647,0.3713142588912696,27.02336233741124,,,,,
470,5.0,5.213817728248082,0.21381772824808198,0.042763545649616395,0.045718020913170634,,,,,
471,7.0,5.617550154486939,1.3824498455130607,0.19749283507329438,1.9111675753590855,,,,,
472,3.0,4.781914072841864,1.7819140728418636,0.5939713576139546,3.1752177629918785,,,,,
473,9.0,7.946454292688172,1.0535457073118284,0.11706063414575871,1.1099585573951807,,,,,
474,5.0,6.045582065505555,1.0455820655055552,0.20911641310111104,1.093241855706863,,,,,
475,8.0,7.913849337196629,0.08615066280337125,0.010768832850421406,0.007421936701460174,,,,,
476,7.0,6.331852211816724,0.6681477881832762,0.09544968402618233,0.4464214668542042,,,,,
477,10.000000953674316,7.67566222453604,2.324338729138276,0.23243385074720824,5.402550527772136,,,,,
478,7.0,6.867997271780306,0.13200272821969428,0.01885753260281347,0.01742472025744247,,,,,
479,11.0,7.87192920691043,3.12807079308957,0.28437007209905185,9.784826886580012,,,,,
480,11.0,7.65666001065749,3.3433399893425104,0.30393999903113733,11.177922284336777,,,,,
481,2.0,3.302183183968612,1.3021831839686122,0.6510915919843061,1.6956810446106325,,,,,
482,7.0,4.750532582263787,2.249467417736213,0.3213524882480304,5.060103663456825,,,,,
483,1.0,3.073896559974468,2.073896559974468,2.073896559974468,4.301046941473933,,,,,
484,5.0,5.034925847284397,0.03492584728439674,0.006985169456879348,0.001219814808533003,,,,,
485,4.0,5.004898019677349,1.0048980196773494,0.25122450491933734,1.0098200299514584,,,,,
486,8.0,6.896540244502788,1.1034597554972123,0.13793246943715154,1.2176234320019677,,,,,
487,11.999999046325684,8.409101560271893,3.590897486053791,0.29924148095272546,12.894544755347436,,,,,
488,9.0,6.199306227836477,2.800693772163523,0.3111881969070581,7.843885605435545,,,,,
489,8.0,6.9742661622165985,1.0257338377834015,0.1282167297229252,1.0521299059738656,,,,,
490,5.0,4.950173633356082,0.04982636664391826,0.009965273328783653,0.0024826668129341706,,,,,
491,4.0,5.12061098442826,1.12061098442826,0.280152746107065,1.2557689784212738,,,,,
492,7.0,6.002795919516164,0.9972040804838356,0.14245772578340507,0.994415978133612,,,,,
493,9.0,5.432450940474163,3.5675490595258372,0.39639433994731527,12.727406292123685,,,,,
494,3.0,3.8618764654036566,0.8618764654036566,0.2872921551345522,0.7428310416167004,,,,,
495,4.0,4.342672130987325,0.3426721309873253,0.08566803274683132,0.11742418935539463,,,,,
496,2.0,3.6221685742267757,1.6221685742267757,0.8110842871133879,2.6314308832089304,,,,,
497,10.000000953674316,5.715028979139594,4.284971974534723,0.428497156588799,18.360984822548,,,,,
498,4.0,5.320281848213931,1.3202818482139307,0.33007046205348267,1.7431441587231926,,,,,
499,7.0,6.365386951586653,0.634613048413347,0.09065900691619243,0.4027337212164811,,,,,
500,11.0,8.596328893008707,2.4036711069912933,0.21851555518102667,5.77763479058475,,,,,
501,5.999999523162842,6.951726057273317,0.9517265341104748,0.15862110162448503,0.9057833957299368,,,,,
502,8.0,7.525100094153638,0.4748999058463621,0.05936248823079526,0.2255299205728836,,,,,
503,3.0,3.9920474321711614,0.9920474321711614,0.33068247739038714,0.9841581076773951,,,,,
504,11.0,8.043969046170913,2.956030953829087,0.2687300867117352,8.738118999995702,,,,,
505,8.0,6.828982990254349,1.1710170097456514,0.14637712621820642,1.371280837113647,,,,,
506,5.999999523162842,4.673955046375013,1.3260444767878292,0.22100743036206405,1.7583939544195077,,,,,
507,8.0,6.848841360264685,1.151158639735315,0.14389482996691438,1.3251662138372609,,,,,
508,5.999999523162842,6.68008973299396,0.6800902098311186,0.11334837731330612,0.46252269350813485,,,,,
509,11.999999046325684,8.865927347219635,3.134071699106048,0.26117266234830905,9.822405415137473,,,,,
510,9.0,7.205848089202451,1.7941519107975488,0.19935021231083874,3.218981079018495,,,,,
511,11.0,6.177816291874011,4.822183708125989,0.4383803371023626,23.253455714915713,,,,,
512,4.0,5.1148580205124965,1.1148580205124965,0.2787145051281241,1.242908405901042,,,,,
513,10.000000953674316,8.337582241980954,1.6624187116933626,0.1662418553152775,2.7636359729882196,,,,,
514,5.999999523162842,5.865008251240582,0.13499127192226013,0.022498547108400567,0.018222643495189574,,,,,
515,2.0,4.935117001497078,2.935117001497078,1.467558500748539,8.614911812477198,,,,,
516,5.999999523162842,5.891941872343866,0.10805765081897611,0.018009609901104555,0.01167645590051577,,,,,
517,2.0,3.671165286744828,1.6711652867448281,0.8355826433724141,2.7927934156209235,,,,,
518,11.999999046325684,9.412735159178235,2.587263887147449,0.21560534106372709,6.693934421737327,,,,,
519,3.0,4.067677262202623,1.067677262202623,0.3558924207342076,1.1399347362244885,,,,,
520,8.0,7.137931853760758,0.8620681462392419,0.10775851827990524,0.7431614887603629,,,,,
521,9.0,7.691028645099442,1.3089713549005584,0.1454412616556176,1.7134060079502036,,,,,
522,7.0,7.38633113537556,0.38633113537555985,0.05519016219650855,0.14925174616056916,,,,,
523,8.0,6.584646055887661,1.415353944112339,0.17691924301404238,2.0032267871143543,,,,,
524,14.000000953674316,7.929009890683629,6.070991062990688,0.4336421892455192,36.8569324869128,,,,,
525,1.0,2.246505825022651,1.246505825022651,1.246505825022651,1.5537767718154,,,,,
526,7.0,7.730160917715969,0.7301609177159687,0.10430870253085267,0.5331349657598256,,,,,
527,7.0,7.122221380370265,0.12222138037026475,0.01746019719575211,0.014938065819612939,,,,,
528,7.0,6.2528967715316055,0.7471032284683945,0.10672903263834208,0.558163233987898,,,,,
529,5.0,5.84058903019869,0.8405890301986902,0.16811780603973805,0.7065899176903746,,,,,
530,8.0,7.833927427413819,0.1660725725861809,0.020759071573272614,0.027580099365392328,,,,,
531,4.0,5.882521179514148,1.882521179514148,0.470630294878537,3.5438859913193395,,,,,
532,5.0,5.948304366482781,0.9483043664827813,0.18966087329655626,0.8992811714903092,,,,,
533,11.0,7.06797904036355,3.93202095963645,0.3574564508760409,15.460788827020348,,,,,
534,9.0,5.716018544385234,3.283981455614766,0.36488682840164066,10.784534200821678,,,,,
535,3.0,3.553182211624107,0.5531822116241072,0.18439407054136905,0.3060105592573385,,,,,
536,11.999999046325684,8.661247878718783,3.338751167606901,0.2782292860789188,11.147259359196445,,,,,
537,3.0,1.959072396945734,1.040927603054266,0.34697586768475536,1.0835302748002995,,,,,
538,3.0,3.3505277871360315,0.3505277871360315,0.1168425957120105,0.12286972955448301,,,,,
539,5.999999523162842,4.718992132736191,1.2810073904266508,0.2135012487053299,1.6409799343276978,,,,,
540,2.0,1.658082091113136,0.341917908886864,0.170958954443432,0.11690785641756585,,,,,
541,4.0,2.665671050149986,1.334328949850014,0.3335822374625035,1.780433746407841,,,,,
542,5.999999523162842,3.9872830495251046,2.012716473637737,0.33545277226568065,4.051027603252728,,,,,
543,2.0,2.5544251327495116,0.5544251327495116,0.2772125663747558,0.3073872278243135,,,,,
544,9.0,6.998656157302903,2.0013438426970973,0.22237153807745524,4.005377176701584,,,,,
545,1.0,1.564872488615825,0.564872488615825,0.564872488615825,0.31908092839503527,,,,,
546,5.0,5.418123603635203,0.41812360363520273,0.08362472072704055,0.17482734791688812,,,,,
547,5.0,3.5831015236333457,1.4168984763666543,0.28337969527333084,2.0076012923301465,,,,,
548,8.0,5.824799960845359,2.1752000391546407,0.2719000048943301,4.73149521033835,,,,,
549,3.0,3.1799071365316554,0.17990713653165535,0.05996904551055179,0.03236657777501968,,,,,
550,5.999999523162842,5.827546684655499,0.1724528385073425,0.028742142035443972,0.029739981509239552,,,,,
551,5.0,5.059478785611823,0.05947878561182307,0.011895757122364615,0.003537725937857211,,,,,
552,3.0,3.9936631759352172,0.9936631759352172,0.3312210586450724,0.9873665072096625,,,,,
553,5.0,3.9524588667444744,1.0475411332555256,0.2095082266511051,1.0973424258622708,,,,,
554,3.0,4.386488944376054,1.3864889443760537,0.46216298145868456,1.9223515928770238,,,,,
555,4.0,4.0957288603740905,0.09572886037409045,0.023932215093522613,0.009164014708522105,,,,,
556,4.0,4.199789153699039,0.19978915369903927,0.04994728842475982,0.03991570593577834,,,,,
557,5.0,4.597702416491318,0.40229758350868217,0.08045951670173643,0.1618433456969251,,,,,
558,3.0,4.161681059850313,1.161681059850313,0.3872270199501043,1.3495028848149462,,,,,
559,5.999999523162842,4.857659434777486,1.1423400883853558,0.19039002986173276,1.3049408775322626,,,,,
560,6.000000476837158,5.841390653163621,0.1586098236735376,0.026434968511393722,0.025157076165750688,,,,,
561,3.0,4.041953273251254,1.041953273251254,0.347317757750418,1.0856666236390022,,,,,
562,5.0,4.350145286388394,0.6498547136116057,0.12997094272232115,0.4223111488032221,,,,,
563,11.0,6.560823296090625,4.439176703909375,0.4035615185372159,19.706289808531704,,,,,
564,1.0,1.8963343421454701,0.8963343421454701,0.8963343421454701,0.8034152529093528,,,,,
565,5.0,4.119870943851329,0.8801290561486708,0.17602581122973415,0.77462715547715,,,,,
566,3.0,3.879123233939098,0.8791232339390982,0.2930410779796994,0.7728576604515384,,,,,
567,4.0,3.952698334412272,0.04730166558772808,0.01182541639693202,0.002237447567373259,,,,,
568,2.0,3.746065149641276,1.746065149641276,0.873032574820638,3.0487435067918116,,,,,
569,5.999999523162842,5.452167454722518,0.5478320684403242,0.09130535199635145,0.30011997521160405,,,,,
570,5.0,4.115037531625724,0.8849624683742761,0.1769924936748552,0.7831585704310916,,,,,
571,7.0,4.595707636473087,2.4042923635269133,0.34347033764670193,5.780621769313831,,,,,
572,4.0,4.4864883883839655,0.48648838838396546,0.12162209709599137,0.23667095203242802,,,,,
573,5.0,5.769235737730961,0.7692357377309609,0.15384714754619216,0.5917236202024956,,,,,
574,5.999999523162842,4.665238043278986,1.3347614798838556,0.22246026432686264,1.7815882081817402,,,,,
575,5.0,4.222741883395075,0.7772581166049246,0.15545162332098492,0.6041301798282346,,,,,
576,1.0,2.743947829135604,1.743947829135604,1.743947829135604,3.041354030746786,,,,,
577,5.0,5.236534805158593,0.23653480515859293,0.04730696103171859,0.05594871405141352,,,,,
578,5.0,4.536700999408721,0.46329900059127915,0.09265980011825584,0.21464596394887808,,,,,
579,5.0,4.356732215256072,0.6432677847439283,0.12865355694878566,0.4137934428893609,,,,,
580,8.0,6.113204495688547,1.8867955043114533,0.23584943803893166,3.5599972750899114,,,,,
581,5.999999523162842,4.567445141746451,1.4325543814163906,0.2387590825442655,2.0522120557152976,,,,,
582,1.0,2.1905119899330394,1.1905119899330394,1.1905119899330394,1.4173187981743254,,,,,
583,3.0,3.205032527990385,0.20503252799038485,0.06834417599679495,0.042038337534127945,,,,,
584,4.0,4.336819525843897,0.3368195258438966,0.08420488146097416,0.11344739298970735,,,,,
585,7.0,5.741144226711726,1.258855773288274,0.179836539041182,1.584717857941218,,,,,
586,4.0,3.9929105105191267,0.00708948948087329,0.0017723723702183225,5.026086109941303e-05,,,,,
587,7.0,5.9023936176565055,1.0976063823434945,0.15680091176335637,1.2047397705611735,,,,,
588,0.0,1.6879233630327168,1.6879233630327168,,2.849085279471677,,,,,
589,7.0,6.279391154482374,0.720608845517626,0.1029441207882323,0.5192771082382458,,,,,
590,2.0,3.637189034311527,1.6371890343115272,0.8185945171557636,2.680387934069911,,,,,
591,11.0,8.160924058275699,2.8390759417243014,0.2580978128840274,8.060352202877729,,,,,
592,5.999999523162842,5.433740160340183,0.5662593628226587,0.09437656797081885,0.3206496659843234,,,,,
593,5.999999523162842,6.368139637240202,0.36814011407736036,0.06135669055575172,0.1355271435928919,,,,,
594,7.0,5.348419006678668,1.651580993321332,0.2359401419030474,2.7277197775002775,,,,,
595,4.0,4.536296528221398,0.5362965282213983,0.13407413205534957,0.28761396618232504,,,,,
596,8.0,7.132475278095299,0.8675247219047009,0.10844059023808761,0.7525991431158285,,,,,
597,5.999999523162842,5.719271922668959,0.2807276004938828,0.0467879371340183,0.07880798567905306,,,,,
598,9.0,6.795477154277251,2.2045228457227486,0.24494698285808317,4.859920977313526,,,,,
599,5.999999523162842,4.498531986224942,1.5014675369378994,0.25024460937730464,2.254404764478362,,,,,
600,3.0,3.4986712110347655,0.4986712110347655,0.16622373701158852,0.24867297671487965,,,,,
601,5.0,4.798278563815665,0.2017214361843349,0.040344287236866984,0.040691537816270704,,,,,
602,5.0,4.897036505543616,0.1029634944563842,0.02059269889127684,0.01060148119066986,,,,,
603,11.0,6.874232933432596,4.125767066567404,0.37506973332430943,17.0219538875722,,,,,
604,5.0,5.191427702407058,0.19142770240705786,0.03828554048141157,0.03664456524884511,,,,,
605,8.0,6.022086942894651,1.977913057105349,0.24723913213816862,3.9121400614678272,,,,,
606,4.0,5.57307713577278,1.5730771357727802,0.39326928394319505,2.4745716750910938,,,,,
607,8.0,6.395962138417589,1.6040378615824107,0.20050473269780134,2.572937461389873,,,,,
608,5.999999523162842,5.704687162681373,0.2953123604814687,0.04921873065846472,0.08720939025313691,,,,,
609,5.0,6.087445214610395,1.087445214610395,0.217489042922079,1.1825370947790481,,,,,
610,10.000000953674316,6.470568161667837,3.529432792006479,0.35294324554135703,12.45689583329065,,,,,
611,5.999999523162842,5.264326366468578,0.735673156694264,0.12261220252671971,0.5412149934805032,,,,,
612,3.0,4.4667431171176055,1.4667431171176055,0.48891437237253516,2.1513353716118697,,,,,
613,10.000000953674316,7.557149389435056,2.4428515642392608,0.24428513312708033,5.967523764906203,,,,,
614,3.0,3.468844611760778,0.46884461176077785,0.15628153725359262,0.2198152699771145,,,,,
615,9.0,7.195625674843457,1.8043743251565427,0.20048603612850474,3.255766705284129,,,,,
616,4.0,5.240963737146992,1.2409637371469922,0.31024093428674804,1.539990996913829,,,,,
617,4.0,4.983963612428818,0.983963612428818,0.2459909031072045,0.9681843905839692,,,,,
618,3.0,5.085100692040934,2.0851006920409336,0.6950335640136446,4.34764489594958,,,,,
619,7.0,6.508870365334034,0.49112963466596593,0.07016137638085228,0.24120831804712517,,,,,
620,7.0,6.894561454933159,0.10543854506684092,0.015062649295262989,0.011117286785812242,,,,,
621,9.0,7.16584574803651,1.83415425196349,0.2037949168848322,3.3641218199957494,,,,,
622,5.999999523162842,5.6199334559125695,0.38006606725027225,0.06334434957586865,0.14445021547508846,,,,,
623,4.0,4.4937469873974365,0.4937469873974365,0.12343674684935912,0.24378608756404432,,,,,
624,8.0,6.052148299670964,1.9478517003290357,0.24348146254112946,3.794126246474715,,,,,
625,3.0,4.197031524584073,1.197031524584073,0.399010508194691,1.4328844708480701,,,,,
626,8.0,6.7575149545644395,1.2424850454355605,0.15531063067944506,1.5437690881310069,,,,,
627,5.0,4.635449785978747,0.36455021402125265,0.07291004280425054,0.13289685854294112,,,,,
628,7.0,7.665879068186435,0.6658790681864346,0.09512558116949066,0.4433949334488344,,,,,
629,9.0,7.400016471701061,1.5999835282989388,0.17777594758877097,2.559947290827921,,,,,
630,5.999999523162842,6.381998775474194,0.3819992523113518,0.06366654711165454,0.1459234287664318,,,,,
631,8.0,6.344809884232295,1.655190115767705,0.20689876447096311,2.7396543193351084,,,,,
632,3.0,4.383908643989114,1.3839086439891144,0.4613028813297048,1.9152031349077894,,,,,
633,14.000000953674316,8.462831839075447,5.5371691145988695,0.3955120526720845,30.660241803667628,,,,,
634,5.0,4.222861103939982,0.7771388960600181,0.15542777921200363,0.6039448637693836,,,,,
635,1.0,2.9836762743741545,1.9836762743741545,1.9836762743741545,3.934971561514926,,,,,
636,10.000000953674316,6.810832472722063,3.1891684809522536,0.31891681768094754,10.170795599899305,,,,,
637,7.0,7.009287190683528,0.009287190683528124,0.0013267415262183033,8.625191079221157e-05,,,,,
638,11.999999046325684,7.942252049638416,4.057746996687268,0.33814560993067094,16.46531068912454,,,,,
639,9.0,6.380813756041592,2.619186243958408,0.2910206937731565,6.860136580540954,,,,,
640,3.0,3.0916818028389663,0.09168180283896632,0.030560600946322108,0.008405552971803093,,,,,
641,1.0,3.403391773932368,2.403391773932368,2.403391773932368,5.7762920190057745,,,,,
642,5.0,4.567428609196721,0.4325713908032789,0.08651427816065578,0.18711800814148302,,,,,
643,8.0,6.741942310437714,1.2580576895622864,0.1572572111952858,1.582709150266798,,,,,
644,4.0,4.114700798527597,0.11470079852759696,0.02867519963189924,0.013156273182868388,,,,,
645,0.0,0.07312702367511456,0.07312702367511456,,0.005347561591580765,,,,,
646,0.0,0.12170516816200169,0.12170516816200169,,0.01481214795734111,,,,,
647,0.0,0.2263554802819423,0.2263554802819423,,0.05123680345366877,,,,,
648,0.0,-0.006103515231880222,0.006103515231880222,,3.7252898185793877e-05,,,,,
649,0.0,0.04534997962294023,0.04534997962294023,,0.0020566206518010943,,,,,
650,3.0,2.3335184430964726,0.6664815569035274,0.22216051896784247,0.4441976656925498,,,,,
651,5.0,3.6187025977663385,1.3812974022336615,0.2762594804467323,1.9079825134174617,,,,,
652,4.0,3.365134573181046,0.634865426818954,0.1587163567047385,0.4030541101700126,,,,,
653,1.0,1.4293148655559995,0.4293148655559995,0.4293148655559995,0.18431125378736593,,,,,
654,0.0,0.6546838913882695,0.6546838913882695,,0.42861099764328753,,,,,
655,1.0,1.174314942963337,0.17431494296333705,0.17431494296333705,0.030385699340311448,,,,,
656,2.0,1.9853959987295782,0.01460400127042183,0.007302000635210915,0.0002132768531064824,,,,,
657,9.0,4.380087338935077,4.619912661064923,0.5133236290072136,21.34359299586798,,,,,
658,5.0,3.0582382064378235,1.9417617935621765,0.3883523587124353,3.7704388629378003,,,,,
659,3.0,2.619476768800334,0.3805232311996658,0.12684107706655526,0.1447979294826343,,,,,
660,0.0,0.9248145655301796,0.9248145655301796,,0.8552819806167749,,,,,
661,2.0,2.231446605270665,0.23144660527066518,0.11572330263533259,0.0535675310913151,,,,,
662,2.0,2.1163758099003016,0.11637580990030161,0.058187904950150804,0.013543329129951138,,,,,
663,0.0,0.544282155798347,0.544282155798347,,0.29624306512049614,,,,,
664,7.0,3.7595432534735123,3.2404567465264877,0.4629223923609268,10.50055992610903,,,,,
665,0.0,0.4996574917645982,0.4996574917645982,,0.24965760907648954,,,,,
666,3.0,2.1559921106709865,0.8440078893290135,0.2813359631096712,0.7123493172496163,,,,,
667,5.999999523162842,4.407981412658277,1.592018110504565,0.26533637283780115,2.5345216641745254,,,,,
668,1.0,1.3848409146489709,0.38484091464897086,0.38484091464897086,0.14810252958785647,,,,,
669,5.0,3.6210829510428866,1.3789170489571134,0.2757834097914227,1.9014122279045944,,,,,
670,2.0,1.426287439839283,0.5737125601607169,0.28685628008035846,0.32914610168616426,,,,,
671,0.0,0.6847921018795924,0.6847921018795924,,0.46894022279667,,,,,
672,1.0,1.2770149399791597,0.2770149399791597,0.2770149399791597,0.07673727697165746,,,,,
673,2.0,1.6157132590576833,0.38428674094231674,0.19214337047115837,0.14767629926406725,,,,,
674,2.0,1.6631687166041784,0.3368312833958216,0.1684156416979108,0.11345531347407627,,,,,
675,0.0,0.6992885670000888,0.6992885670000888,,0.48900449993703765,,,,,
676,1.0,0.7214937021458607,0.2785062978541393,0.2785062978541393,0.07756575794441854,,,,,
677,1.0,1.0818138205722931,0.08181382057229314,0.08181382057229314,0.006693501236635376,,,,,
678,0.0,0.6386238896665204,0.6386238896665204,,0.40784047245279603,,,,,
679,2.0,2.211150387922624,0.2111503879226242,0.1055751939613121,0.04458448631987468,,,,,
680,9.0,4.019758354840701,4.980241645159299,0.5533601827954776,24.802806844179,,,,,
681,2.0,2.5715827975027103,0.5715827975027103,0.2857913987513552,0.3267068944010244,,,,,
682,4.0,3.6439547984060106,0.35604520159398945,0.08901130039849736,0.1267681855781046,,,,,
683,3.0,2.351768086552483,0.6482319134475172,0.21607730448250573,0.4202046136118294,,,,,
684,1.0,1.5412618427173599,0.5412618427173599,0.5412618427173599,0.292964382381792,,,,,
685,9.0,5.4931617012164295,3.5068382987835705,0.3896486998648412,12.297914853815247,,,,,
686,2.0,2.8722919688588755,0.8722919688588755,0.43614598442943775,0.7608932789356935,,,,,
687,8.0,5.478469926436629,2.5215300735633708,0.31519125919542135,6.358113911884498,,,,,
688,5.0,3.767142010854508,1.2328579891454918,0.24657159782909838,1.5199388213998657,,,,,
689,4.0,4.741546367812854,0.7415463678128544,0.1853865919532136,0.5498910156164372,,,,,
690,10.000000953674316,5.287090595808281,4.712910357866035,0.4712909908407922,22.211524041280963,,,,,
691,5.0,4.162173664274498,0.8378263357255022,0.16756526714510045,0.701952968835222,,,,,
692,5.0,4.640806005019464,0.3591939949805356,0.07183879899610712,0.12902032603007704,,,,,
693,11.0,5.783387752153115,5.216612247846885,0.47423747707698954,27.21304334438613,,,,,
694,1.0,1.9524054124392323,0.9524054124392323,0.9524054124392323,0.9070760696435441,,,,,
695,5.0,4.702346103198264,0.2976538968017364,0.05953077936034727,0.08859784228125872,,,,,
696,1.0,1.6195722690871737,0.6195722690871737,0.6195722690871737,0.38386979662182913,,,,,
697,0.0,1.1576271719318227,1.1576271719318227,,1.3401006691948698,,,,,
698,7.0,5.24023721911125,1.7597627808887504,0.2513946829841072,3.096765045001308,,,,,
699,4.0,3.9297781623940553,0.07022183760594469,0.017555459401486173,0.004931106476755668,,,,,
700,12.000001907348633,7.777444679964692,4.222557227383941,0.35187971301888765,17.829989538532356,,,,,
701,3.0,3.3737585798426863,0.37375857984268634,0.12458619328089544,0.13969547600602175,,,,,
702,4.0,4.7936632238311425,0.7936632238311425,0.19841580595778563,0.6299013128620422,,,,,
703,3.0,3.7353584782098865,0.7353584782098865,0.24511949273662884,0.5407520914751601,,,,,
704,11.0,6.011964541705973,4.988035458294027,0.4534577689358206,24.880497733198503,,,,,
705,7.0,4.6471417792444445,2.3528582207555555,0.33612260296507934,5.535941806976998,,,,,
706,7.0,5.0557548770174074,1.9442451229825926,0.2777493032832275,3.7800890982415964,,,,,
707,1.0,2.432039215986025,1.4320392159860251,1.4320392159860251,2.0507363161218697,,,,,
708,2.0,2.25300118684258,0.2530011868425799,0.12650059342128994,0.06400960054375401,,,,,
709,2.0,2.081399912862849,0.08139991286284909,0.040699956431424544,0.006625945814079425,,,,,
710,2.0,1.8805402248162135,0.11945977518378648,0.05972988759189324,0.014270637886960808,,,,,
711,2.0,2.605572927541526,0.6055729275415258,0.3027864637707629,0.36671857057121404,,,,,
712,4.0,3.1592458647955253,0.8407541352044747,0.21018853380111868,0.7068675158634242,,,,,
713,2.0,1.9883471712374892,0.011652828762510836,0.005826414381255418,0.00013578841816839983,,,,,
714,2.0,2.966580401000613,0.9665804010006132,0.4832902005003066,0.9342776715985062,,,,,
715,5.999999523162842,4.277242918092993,1.7227566050698488,0.28712612366370893,2.967890320311791,,,,,
716,3.0,2.4338813807765933,0.5661186192234067,0.18870620640780222,0.3204902910314165,,,,,
717,0.0,0.620732030969875,0.620732030969875,,0.3853082542719858,,,,,
718,4.0,3.158710763857999,0.8412892361420008,0.2103223090355002,0.7077675788483911,,,,,
719,2.0,2.049988992241877,0.04998899224187703,0.024994496120938514,0.0024988993453584417,,,,,
720,2.0,2.5453727426245907,0.5453727426245907,0.27268637131229534,0.297431428397868,,,,,
721,4.0,3.2413987547458074,0.7586012452541926,0.18965031131354815,0.5754758493012117,,,,,
722,2.0,1.8908438557246035,0.10915614427539655,0.054578072137698275,0.011915063833071187,,,,,
723,3.0,2.842791029812542,0.15720897018745816,0.052402990062486055,0.02471466030740111,,,,,
724,1.0,1.9832883177528937,0.9832883177528937,0.9832883177528937,0.9668559158293156,,,,,
725,4.0,3.921700920128788,0.07829907987121221,0.019574769967803052,0.006130745908678468,,,,,
726,2.0,2.2578034090533388,0.25780340905333876,0.12890170452666938,0.0664625977195231,,,,,
727,8.0,5.934414449853953,2.0655855501460474,0.2581981937682559,4.2666436649721495,,,,,
728,4.0,3.141501375441959,0.8584986245580408,0.2146246561395102,0.7370198883680479,,,,,
729,4.0,3.500718194264051,0.49928180573594894,0.12482045143398723,0.24928232153894986,,,,,
730,3.0,2.5767542686010345,0.4232457313989655,0.14108191046632182,0.17913694914744524,,,,,
731,1.0,1.3804510452562746,0.3804510452562746,0.3804510452562746,0.1447429978365919,,,,,
732,8.0,4.310352984063499,3.689647015936501,0.4612058769920626,13.613495102209125,,,,,
733,3.0,2.708356676818946,0.291643323181054,0.09721444106035133,0.08505582795608872,,,,,
734,1.0,1.9060689123699022,0.9060689123699022,0.9060689123699022,0.8209608739631774,,,,,
735,1.0,2.0159443756254185,1.0159443756254185,1.0159443756254185,1.0321429743649215,,,,,
736,5.999999523162842,4.359676159013441,1.6403233641494008,0.2733872490851,2.6906607389744077,,,,,
737,1.0,1.5233757927139577,0.5233757927139577,0.5233757927139577,0.27392222039896363,,,,,
738,5.0,3.7147516881188603,1.2852483118811397,0.25704966237622795,1.6518632231933195,,,,,
739,3.0,1.691234781359774,1.308765218640226,0.43625507288007537,1.7128663975223988,,,,,
740,1.0,1.5962374897635518,0.5962374897635518,0.5962374897635518,0.3554991441995416,,,,,
741,4.0,3.551666157600982,0.44833384239901797,0.11208346059975449,0.20100323424026748,,,,,
742,3.0,2.7776668500641732,0.22233314993582676,0.07411104997860891,0.04943202956038682,,,,,
743,3.0,3.5483369895776624,0.5483369895776624,0.18277899652588747,0.30067345413909347,,,,,
744,7.0,5.00217317469893,1.99782682530107,0.2854038321858671,3.991312023892552,,,,,
745,3.0,3.1815736215305925,0.18157362153059253,0.06052454051019751,0.032968980035734854,,,,,
746,2.0,2.662281214310703,0.6622812143107031,0.33114060715535154,0.43861640682885944,,,,,
747,17.0,8.115225858818935,8.884774141181065,0.522633773010651,78.93921153979973,,,,,
748,1.0,1.7963762132190495,0.7963762132190495,0.7963762132190495,0.634215072981113,,,,,
749,25.000003814697266,9.494238726399175,15.50576508829809,0.6202305088922586,240.42875097348391,,,,,
750,7.0,5.9609582868081255,1.0390417131918745,0.14843453045598207,1.0796076817527056,,,,,
751,11.0,5.94238058602339,5.05761941397661,0.45978358308878275,25.57951413663311,,,,,
752,4.0,2.103549150618926,1.896450849381074,0.4741127123452685,3.5965258241181974,,,,,
753,0.0,0.5197480216176222,0.5197480216176222,,0.2701380059754323,,,,,
754,3.0,2.381617022152985,0.6183829778470149,0.2061276592823383,0.38239750729094174,,,,,
755,2.0,1.4979741432822062,0.5020258567177938,0.2510129283588969,0.2520299608132348,,,,,
756,2.0,1.7464413095280586,0.25355869047194135,0.12677934523597068,0.06429200951384575,,,,,
757,1.0,1.2833055403317863,0.28330554033178634,0.28330554033178634,0.08026202918268542,,,,,
758,3.0,1.9746359087614342,1.0253640912385658,0.34178803041285527,1.05137151960149,,,,,
759,2.0,1.6874806448738435,0.3125193551261565,0.15625967756307824,0.0976683473284687,,,,,
760,1.0,1.3415483088231603,0.34154830882316034,0.34154830882316034,0.1166552472599609,,,,,
761,1.0,1.3717917259957724,0.37179172599577237,0.37179172599577237,0.1382290875189155,,,,,
762,3.0,2.87619377916182,0.12380622083817983,0.04126874027939328,0.015327980318232152,,,,,
763,0.0,0.855173808414591,0.855173808414591,,0.7313222425983156,,,,,
764,3.0,2.618955490675842,0.3810445093241581,0.12701483644138603,0.14519491808608842,,,,,
765,2.0,2.278187130771232,0.278187130771232,0.139093565385616,0.07738807972673055,,,,,
766,1.0,1.1966219066934922,0.19662190669349222,0.19662190669349222,0.03866017419178436,,,,,
767,2.0,2.099035299879918,0.09903529987991799,0.049517649939958996,0.009807990622305284,,,,,
768,4.0,2.769037108389722,1.230962891610278,0.3077407229025695,1.515269640521537,,,,,
769,0.0,0.5045605425776023,0.5045605425776023,,0.2545813411262044,,,,,
770,0.0,0.4477837577110414,0.4477837577110414,,0.20051029366982062,,,,,
771,3.0,2.389415866544289,0.6105841334557112,0.20352804448523706,0.3728129840278617,,,,,
772,2.0,1.8130502722123065,0.18694972778769348,0.09347486389384674,0.03495020071989269,,,,,
773,1.0,1.2689946279124342,0.2689946279124342,0.2689946279124342,0.07235810984574893,,,,,
774,1.0,1.034859446551033,0.03485944655103301,0.03485944655103301,0.0012151810138443275,,,,,
775,1.0,1.5143178794509615,0.5143178794509615,0.5143178794509615,0.2645228811229338,,,,,
776,2.0,2.286435249204003,0.2864352492040032,0.1432176246020016,0.08204515198655941,,,,,
777,1.0,1.122449255850928,0.12244925585092803,0.12244925585092803,0.014993820258446032,,,,,
778,1.0,1.2645042231445975,0.26450422314459754,0.26450422314459754,0.06996248406132705,,,,,
779,3.0,1.7928708104796955,1.2071291895203045,0.40237639650676815,1.4571608801919471,,,,,
780,4.0,2.9835732477466936,1.0164267522533064,0.2541066880633266,1.0331233426962043,,,,,
781,4.0,2.8946228226958706,1.1053771773041294,0.27634429432603236,1.2218587041048448,,,,,
782,5.0,2.8852793612214804,2.1147206387785196,0.4229441277557039,4.47204338007583,,,,,
783,3.0,2.085935649866191,0.9140643501338088,0.3046881167112696,0.8355136361855422,,,,,
784,2.0,2.64612411126144,0.64612411126144,0.32306205563072,0.41747636715338565,,,,,
785,3.0,2.574019993661481,0.42598000633851907,0.141993335446173,0.18145896580016474,,,,,
786,5.999999523162842,3.532298936028239,2.467700587134603,0.4112834638749735,6.089546187744464,,,,,
787,0.0,0.960185165257937,0.960185165257937,,0.9219555515814117,,,,,
788,1.0,1.2952025689735356,0.2952025689735356,0.2952025689735356,0.08714455672857503,,,,,
789,1.0,1.875209821965413,0.875209821965413,0.875209821965413,0.7659922324647299,,,,,
790,4.0,3.0867441351396705,0.9132558648603295,0.22831396621508238,0.8340362747017884,,,,,
791,2.0,2.216271442360228,0.21627144236022788,0.10813572118011394,0.04677333678057337,,,,,
792,2.0,2.3880850462206618,0.38808504622066176,0.19404252311033088,0.15061000310009318,,,,,
793,4.0,3.632587970574977,0.36741202942502316,0.09185300735625579,0.13499159936621408,,,,,
794,4.0,2.8492584335751268,1.1507415664248732,0.2876853916062183,1.324206152697971,,,,,
795,4.0,2.7504796259685063,1.2495203740314937,0.31238009350787344,1.561301165119804,,,,,
796,4.0,3.3627325158482773,0.6372674841517227,0.15931687103793069,0.4061098463570662,,,,,
797,3.0,3.0182727710435966,0.018272771043596592,0.006090923681198864,0.0003338941616117021,,,,,
798,0.0,1.2841110964521776,1.2841110964521776,,1.6489413080316138,,,,,
799,1.0,1.097013568255592,0.09701356825559193,0.09701356825559193,0.009411632425682395,,,,,
800,2.0,2.1908334998249543,0.19083349982495434,0.09541674991247717,0.03641742465544085,,,,,
801,1.0,1.1969539357966217,0.19695393579662168,0.19695393579662168,0.03879085282577978,,,,,
802,4.0,3.110059549134757,0.8899404508652431,0.22248511271631077,0.7919940060862322,,,,,
803,0.0,0.3355470164006878,0.3355470164006878,,0.11259180021540344,,,,,
804,3.0,1.9779140151683219,1.0220859848316781,0.34069532827722604,1.0446597603893413,,,,,
805,2.0,1.9505968665848066,0.04940313341519342,0.02470156670759671,0.002440669591239401,,,,,
806,4.0,3.292305642479815,0.7076943575201851,0.17692358938004626,0.5008313036659076,,,,,
807,1.0,1.6322817183604381,0.6322817183604381,0.6322817183604381,0.3997801713728284,,,,,
808,3.0,2.7450368040832736,0.25496319591672645,0.08498773197224214,0.06500623127207103,,,,,
809,4.0,3.100085692482634,0.8999143075173661,0.22497857687934153,0.8098457608744606,,,,,
810,3.0,2.6201996533919716,0.3798003466080284,0.12660011553600947,0.14424830328357852,,,,,
811,8.0,5.314580138815916,2.6854198611840836,0.33567748264801045,7.2114798308419426,,,,,
812,3.0,2.2123716796531157,0.7876283203468843,0.26254277344896143,0.6203583710124543,,,,,
813,4.0,3.247819898749606,0.7521801012503939,0.18804502531259848,0.5657749047170528,,,,,
814,3.0,2.31373725797121,0.6862627420287901,0.22875424734293004,0.47095655109687373,,,,,
815,0.0,0.9503761178699723,0.9503761178699723,,0.9032147654175996,,,,,
816,1.0,2.1071666565399614,1.1071666565399614,1.1071666565399614,1.2258180053538767,,,,,
817,2.0,1.2904365014122479,0.7095634985877521,0.35478174929387607,0.5034803585280909,,,,,
818,0.0,0.6358755530049269,0.6358755530049269,,0.40433771890932163,,,,,
819,5.0,2.768832826747684,2.231167173252316,0.4462334346504632,4.978106954998731,,,,,
820,1.0,1.3479694486595344,0.3479694486595344,0.3479694486595344,0.12108273720042034,,,,,
821,3.0,2.632443648282918,0.3675563517170821,0.12251878390569404,0.13509767168757136,,,,,
822,2.0,1.6582071731122934,0.3417928268877066,0.1708964134438533,0.1168223365118898,,,,,
823,0.0,0.5251267855959811,0.5251267855959811,,0.27575814095036755,,,,,
824,1.0,1.1276386707401436,0.12763867074014357,0.12763867074014357,0.01629163026831078,,,,,
825,0.0,0.6700444846424825,0.6700444846424825,,0.4489596113998099,,,,,
826,5.0,2.7067056065749697,2.2932943934250303,0.45865887868500604,5.259199174914677,,,,,
827,2.0,1.7988908404360222,0.2011091595639778,0.1005545797819889,0.04044489406052948,,,,,
828,2.0,1.437122453981416,0.562877546018584,0.281438773009292,0.31683113181190314,,,,,
829,4.0,2.604591782545259,1.395408217454741,0.34885205436368527,1.947164093340218,,,,,
830,2.0,1.9754810211586773,0.024518978841322703,0.012259489420661351,0.0006011803234212304,,,,,
831,4.0,2.9749473078766315,1.0250526921233685,0.2562631730308421,1.0507330216293653,,,,,
832,2.0,1.774529650107998,0.2254703498920021,0.11273517494600105,0.05083687868042185,,,,,
833,1.0,1.3248873346027894,0.3248873346027894,0.3248873346027894,0.10555178018530484,,,,,
834,1.0,1.3795726580889607,0.3795726580889607,0.3795726580889607,0.14407540276871905,,,,,
835,8.0,4.956320819756489,3.043679180243511,0.38045989753043885,9.26398295224781,,,,,
836,1.0,0.9612124985080459,0.03878750149195409,0.03878750149195409,0.0015044702719883409,,,,,
837,3.0,2.9283742153450074,0.07162578465499259,0.023875261551664195,0.005130253027443372,,,,,
838,0.0,0.5627252052159855,0.5627252052159855,,0.31665965658537293,,,,,
839,4.0,2.66820026965539,1.3317997303446099,0.33294993258615246,1.7736905217459755,,,,,
840,0.0,0.44439093451208894,0.44439093451208894,,0.19748330267652772,,,,,
841,4.0,2.059633709641769,1.9403662903582308,0.4850915725895577,3.765021340758562,,,,,
842,0.0,0.3462573534881723,0.3462573534881723,,0.11989415484463313,,,,,
843,0.0,0.34740780264725085,0.34740780264725085,,0.12069218134019119,,,,,
844,0.0,0.3350405049101455,0.3350405049101455,,0.11225213993044521,,,,,
845,0.0,0.34864177939109825,0.34864177939109825,,0.12155109033699123,,,,,
846,0.0,0.1151746678766701,0.1151746678766701,,0.013265204120501264,,,,,
847,0.0,0.3428577649373539,0.3428577649373539,,0.11755144697783784,,,,,
848,1.0,0.7743113787939493,0.2256886212060507,0.2256886212060507,0.05093535374188824,,,,,
849,2.0,1.4149033036865672,0.5850966963134328,0.2925483481567164,0.34233814403689333,,,,,
850,1.0,1.947121777230401,0.947121777230401,0.947121777230401,0.8970396609040734,,,,,
851,2.0,1.7328228159961134,0.26717718400388657,0.13358859200194328,0.07138364765224667,,,,,
852,1.0,0.8484956015891416,0.1515043984108584,0.1515043984108584,0.02295358273783611,,,,,
853,0.0,0.4912990469128954,0.4912990469128954,,0.24137475349751938,,,,,
854,2.0,2.1596299979009888,0.15962999790098875,0.07981499895049438,0.025481736229869673,,,,,
855,3.0,1.7682251578530037,1.2317748421469963,0.41059161404899874,1.5172692617462575,,,,,
856,1.0,0.9893943274313652,0.01060567256863476,0.01060567256863476,0.00011248029063309185,,,,,
857,5.999999523162842,2.8583412828838055,3.1416582402790363,0.5236097483259368,9.870016498713172,,,,,
858,3.0,2.327201264773598,0.6727987352264022,0.2242662450754674,0.4526581381222465,,,,,
859,0.0,0.4352879330500157,0.4352879330500157,,0.18947558465895492,,,,,
860,1.0,1.2768443962240519,0.2768443962240519,0.2768443962240519,0.07664281972065982,,,,,
861,0.0,0.30299433167624246,0.30299433167624246,,0.09180556502793283,,,,,
862,0.0,0.30205282176824355,0.30205282176824355,,0.09123590713815831,,,,,
863,0.0,0.14905626687566545,0.14905626687566545,,0.0222177706949096,,,,,
864,0.0,0.22914911770400948,0.22914911770400948,,0.05250931814452599,,,,,
865,0.0,0.27200675663022184,0.27200675663022184,,0.07398767565249273,,,,,
866,0.0,0.5527557463665158,0.5527557463665158,,0.30553891514120396,,,,,
867,0.0,0.354558188748686,0.354558188748686,,0.12571150920874885,,,,,
868,0.0,0.248687940501007,0.248687940501007,,0.061845691750632405,,,,,
869,1.0,0.49837897311274376,0.5016210268872563,0.5016210268872563,0.2516236546154255,,,,,
870,0.0,0.38476903651871747,0.38476903651871747,,0.14804721146354213,,,,,
871,2.0,1.2166361759920536,0.7833638240079464,0.3916819120039732,0.6136588807643527,,,,,
872,3.0,2.286944181558186,0.7130558184418141,0.23768527281393803,0.5084486002137253,,,,,
873,0.0,0.5935781100274813,0.5935781100274813,,0.35233497270379666,,,,,
874,0.0,0.5199830466739594,0.5199830466739594,,0.2703823688283331,,,,,
875,2.0,1.865755569653941,0.13424443034605904,0.06712221517302952,0.018021567078937897,,,,,
876,7.0,3.247791050290914,3.752208949709086,0.5360298499584408,14.079072002276963,,,,,
877,4.0,2.3689438909919986,1.6310561090080014,0.40776402725200034,2.6603440307323214,,,,,
878,2.0,1.911474588981291,0.08852541101870903,0.044262705509354516,0.00783674839603137,,,,,
879,3.0,1.8313689071106198,1.1686310928893802,0.3895436976297934,1.365698631267827,,,,,
880,0.0,0.4091311959404872,0.4091311959404872,,0.16738833549169332,,,,,
881,1.0,0.9560279824294331,0.0439720175705669,0.0439720175705669,0.0019335383292262444,,,,,
882,0.0,0.24500647605027634,0.24500647605027634,,0.06002817330657463,,,,,
883,0.0,0.26225109838220184,0.26225109838220184,,0.06877563860267132,,,,,
884,3.0,1.5981224587997591,1.4018775412002409,0.46729251373341363,1.965260640521633,,,,,
885,0.0,0.3822344049220521,0.3822344049220521,,0.14610314030611526,,,,,
886,1.0,1.1237725569958403,0.12377255699584033,0.12377255699584033,0.015319645865288544,,,,,
887,0.0,0.5538121845486803,0.5538121845486803,,0.30670793575458155,,,,,
888,1.0,1.8333700299028743,0.8333700299028743,0.8333700299028743,0.6945056067403177,,,,,
889,5.0,2.4057397110665675,2.5942602889334325,0.5188520577866865,6.730186446736977,,,,,
890,2.0,1.1722621525524217,0.8277378474475783,0.41386892372378914,0.6851499440971504,,,,,
891,0.0,0.39619927660971643,0.39619927660971643,,0.1569738667860626,,,,,
892,0.0,0.46488845957360436,0.46488845957360436,,0.21612127984471877,,,,,
893,2.0,1.076864538229084,0.923135461770916,0.461567730885458,0.8521790807790023,,,,,
894,0.0,0.649046360107149,0.649046360107149,,0.4212611775683389,,,,,
895,3.0,2.147613802255827,0.8523861977441731,0.28412873258139104,0.7265622301047686,,,,,
896,4.0,2.358394937333498,1.641605062666502,0.4104012656666255,2.69486718177229,,,,,
897,1.0,1.2038025905314735,0.20380259053147354,0.20380259053147354,0.041535495907339466,,,,,
898,0.0,0.33442142749653836,0.33442142749653836,,0.11183769116882246,,,,,
899,1.0,0.7599227907652892,0.24007720923471076,0.24007720923471076,0.05763706639392709,,,,,
900,2.0,1.5846430810806682,0.4153569189193318,0.2076784594596659,0.17252137009416038,,,,,
901,2.0,1.3142564732349893,0.6857435267650107,0.34287176338250536,0.47024418450011496,,,,,
902,0.0,0.6256781477772413,0.6256781477772413,,0.3914731446059594,,,,,
903,2.0,1.3012019209406818,0.6987980790593182,0.3493990395296591,0.4883187552969932,,,,,
904,0.0,0.5721922012044678,0.5721922012044678,,0.32740391511921413,,,,,
905,1.0,1.3660523714436534,0.36605237144365343,0.36605237144365343,0.13399433863952243,,,,,
906,2.0,1.3755709428495497,0.6244290571504503,0.31221452857522514,0.3899116474138003,,,,,
907,0.0,0.4427905951553822,0.4427905951553822,,0.1960635111580576,,,,,
908,2.0,1.2903307754171038,0.7096692245828962,0.3548346122914481,0.5036304083200891,,,,,
909,2.0,1.1844468643903387,0.8155531356096613,0.4077765678048306,0.6651269170027505,,,,,
910,0.0,0.39664121846989375,0.39664121846989375,,0.15732425618928197,,,,,
911,0.0,0.41456480635961457,0.41456480635961457,,0.17186397867198472,,,,,
912,0.0,0.31736172100409293,0.31736172100409293,,0.10071846195867973,,,,,
913,0.0,0.707729915607203,0.707729915607203,,0.5008816334453787,,,,,
914,4.0,1.0078912522897117,2.9921087477102883,0.7480271869275721,8.95271475812443,,,,,
915,1.0,1.1581037068484203,0.15810370684842034,0.15810370684842034,0.024996782119211237,,,,,
916,1.0,0.7097149080564666,0.29028509194353336,0.29028509194353336,0.08426543460466561,,,,,
917,1.0,1.3925676482765477,0.39256764827654766,0.39256764827654766,0.15410935847337923,,,,,
918,2.0,1.2784809522738079,0.7215190477261921,0.36075952386309607,0.5205897362317111,,,,,
919,1.0,1.5186334342787675,0.5186334342787675,0.5186334342787675,0.26898063915178866,,,,,
920,1.0,0.6416626011004334,0.3583373988995666,0.3583373988995666,0.12840569145010713,,,,,
921,1.0,0.9438880790013746,0.056111920998625386,0.056111920998625386,0.0031485476781559765,,,,,
922,0.0,0.3468581860285687,0.3468581860285687,,0.12031060121502918,,,,,
923,2.0,1.514302564049796,0.485697435950204,0.242848717975102,0.2359019992886025,,,,,
924,2.0,1.5486123375703502,0.4513876624296498,0.2256938312148249,0.20375082179370346,,,,,
925,2.0,1.9326869753125586,0.06731302468744138,0.03365651234372069,0.004531043292572093,,,,,
926,2.0,1.025810463657848,0.974189536342152,0.487094768171076,0.9490452527185371,,,,,
927,3.0,2.127956456621125,0.8720435433788749,0.29068118112629165,0.7604599415487837,,,,,
928,1.0,0.9175523805677093,0.08244761943229073,0.08244761943229073,0.006797609950051844,,,,,
929,1.0,1.4221108108185803,0.42211081081858026,0.42211081081858026,0.17817753660991925,,,,,
930,1.0,0.8912168379868697,0.10878316201313032,0.10878316201313032,0.01183377633757496,,,,,
931,0.0,0.30848834761317173,0.30848834761317173,,0.09516506061310508,,,,,
932,2.0,1.5605659852396716,0.4394340147603284,0.2197170073801642,0.19310225332838052,,,,,
933,1.0,1.2748383874088356,0.2748383874088356,0.2748383874088356,0.0755361391934892,,,,,
934,3.0,2.0698887033837923,0.9301112966162077,0.31003709887206926,0.8651070240930832,,,,,
935,2.0,1.3306838019976936,0.6693161980023064,0.3346580990011532,0.44798417290826253,,,,,
936,1.0,1.2959054349995074,0.2959054349995074,0.2959054349995074,0.0875600264622477,,,,,
937,0.0,0.38717301289634026,0.38717301289634026,,0.14990294191522965,,,,,
938,0.0,0.4817573274502982,0.4817573274502982,,0.23209012255205386,,,,,
939,0.0,0.25632851815669083,0.25632851815669083,,0.06570430922040499,,,,,
940,0.0,0.24399634916812896,0.24399634916812896,,0.0595342184073755,,,,,
941,0.0,0.10628749402416385,0.10628749402416385,,0.011297031385936665,,,,,
942,0.0,0.22661393804423147,0.22661393804423147,,0.051353876915914774,,,,,
943,0.0,0.34254507323587485,0.34254507323587485,,0.11733712719817087,,,,,
944,0.0,0.17799788491844784,0.17799788491844784,,0.031683247035441,,,,,
945,0.0,0.20636082644334197,0.20636082644334197,,0.042584790690379105,,,,,
946,0.0,0.24773268447436075,0.24773268447436075,,0.06137148295687318,,,,,
947,2.0,0.8904930755304086,1.1095069244695914,0.5547534622347957,1.2310056154459716,,,,,
948,3.0,2.161604830871288,0.8383951691287121,0.27946505637623736,0.7029064596183618,,,,,
949,1.0,1.5196826433555075,0.5196826433555075,0.5196826433555075,0.2700700498049676,,,,,
950,0.0,0.7073006142974652,0.7073006142974652,,0.5002741589855716,,,,,
951,1.0,1.3787689846172801,0.37876898461728015,0.37876898461728015,0.14346594370800542,,,,,
952,4.0,2.120002460299226,1.8799975397007742,0.46999938492519355,3.534390749280964,,,,,
953,2.0,1.4523427773036222,0.5476572226963778,0.2738286113481889,0.29992843357151,,,,,
954,0.0,0.25202654682231634,0.25202654682231634,,0.06351738030318121,,,,,
955,2.0,1.4994427013912968,0.5005572986087032,0.2502786493043516,0.2505576091904425,,,,,
956,3.0,2.2549776156135004,0.7450223843864996,0.24834079479549986,0.5550583532369452,,,,,
957,1.0,0.9995136349430893,0.000486365056910687,0.000486365056910687,2.365509685837358e-07,,,,,
958,2.0,1.4817332585590037,0.5182667414409963,0.25913337072049814,0.26860041528386847,,,,,
959,2.0,1.7608538016560265,0.23914619834397355,0.11957309917198677,0.05719090418237514,,,,,
960,1.0,0.954066654299011,0.04593334570098895,0.04593334570098895,0.0021098722472865598,,,,,
961,1.0,0.7263035845895016,0.2736964154104984,0.2736964154104984,0.07490972780855609,,,,,
962,2.0,1.2337566090589807,0.7662433909410193,0.38312169547050967,0.5871289341607918,,,,,
963,0.0,0.23098547993318988,0.23098547993318988,,0.05335429193996606,,,,,
964,0.0,0.5256045021259019,0.5256045021259019,,0.2762600926550172,,,,,
965,0.0,0.2517764766760431,0.2517764766760431,,0.06339139420740207,,,,,
966,0.0,0.11112547273807992,0.11112547273807992,,0.012348870691261744,,,,,
967,0.0,0.14455073215368458,0.14455073215368458,,0.020894914166166262,,,,,
